idx,input,output,kind,status,method
2,F:\KINYO\K7素材汇总\10月份\10.8\10月8日-K7-CM- (2)已发.mp4,..\Processed_Data\K7VideoProcessed\video_full\7559000042486005796_10月8日-K7-CM- (2)已发.mp4_full.mp4,video_full,ok,transcode
2,F:\KINYO\K7素材汇总\10月份\10.8\10月8日-K7-CM- (2)已发.mp4,..\Processed_Data\K7VideoProcessed\video_15s\7559000042486005796_10月8日-K7-CM- (2)已发.mp4_15s.mp4,clip15s,ok,
2,F:\KINYO\K7素材汇总\10月份\10.8\10月8日-K7-CM- (2)已发.mp4,..\Processed_Data\K7VideoProcessed\audio_full\7559000042486005796_10月8日-K7-CM- (2)已发.mp4.m4a,audio_full,ok,
0,F:\KINYO\K7素材汇总\9月份\9.21\9月21日-K7-CM- (4)已发.mp4,..\Processed_Data\K7VideoProcessed\video_full\7552688222016684071_9月21日-K7-CM- (4)已发.mp4_full.mp4,video_full,ok,transcode
0,F:\KINYO\K7素材汇总\9月份\9.21\9月21日-K7-CM- (4)已发.mp4,..\Processed_Data\K7VideoProcessed\video_15s\7552688222016684071_9月21日-K7-CM- (4)已发.mp4_15s.mp4,clip15s,ok,
0,F:\KINYO\K7素材汇总\9月份\9.21\9月21日-K7-CM- (4)已发.mp4,..\Processed_Data\K7VideoProcessed\audio_full\7552688222016684071_9月21日-K7-CM- (4)已发.mp4.m4a,audio_full,ok,
3,F:\KINYO\K7素材汇总\10月份\10.11\10月11日-K7-MY-  (4)混剪已发.mp4,..\Processed_Data\K7VideoProcessed\video_full\7560103525498896393_10月11日-K7-MY- (4)混剪已发.mp4_full.mp4,video_full,ok,transcode
3,F:\KINYO\K7素材汇总\10月份\10.11\10月11日-K7-MY-  (4)混剪已发.mp4,..\Processed_Data\K7VideoProcessed\video_15s\7560103525498896393_10月11日-K7-MY- (4)混剪已发.mp4_15s.mp4,clip15s,ok,
3,F:\KINYO\K7素材汇总\10月份\10.11\10月11日-K7-MY-  (4)混剪已发.mp4,..\Processed_Data\K7VideoProcessed\audio_full\7560103525498896393_10月11日-K7-MY- (4)混剪已发.mp4.m4a,audio_full,ok,
1,F:\KINYO\K7素材汇总\10月份\10.2\10月2日-K7-CM-混剪- (3).mp4,..\Processed_Data\K7VideoProcessed\video_full\7556771272036237375_10月2日-K7-CM-混剪- (3).mp4_full.mp4,video_full,ok,transcode
1,F:\KINYO\K7素材汇总\10月份\10.2\10月2日-K7-CM-混剪- (3).mp4,..\Processed_Data\K7VideoProcessed\video_15s\7556771272036237375_10月2日-K7-CM-混剪- (3).mp4_15s.mp4,clip15s,ok,
1,F:\KINYO\K7素材汇总\10月份\10.2\10月2日-K7-CM-混剪- (3).mp4,..\Processed_Data\K7VideoProcessed\audio_full\7556771272036237375_10月2日-K7-CM-混剪- (3).mp4.m4a,audio_full,ok,
5,F:\KINYO\K7素材汇总\10月份\10.12\10月12日-K7-MY-  (11)混剪.mp4,..\Processed_Data\K7VideoProcessed\video_full\7560476177228988435_10月12日-K7-MY- (11)混剪.mp4_full.mp4,video_full,ok,transcode
5,F:\KINYO\K7素材汇总\10月份\10.12\10月12日-K7-MY-  (11)混剪.mp4,..\Processed_Data\K7VideoProcessed\video_15s\7560476177228988435_10月12日-K7-MY- (11)混剪.mp4_15s.mp4,clip15s,ok,
5,F:\KINYO\K7素材汇总\10月份\10.12\10月12日-K7-MY-  (11)混剪.mp4,..\Processed_Data\K7VideoProcessed\audio_full\7560476177228988435_10月12日-K7-MY- (11)混剪.mp4.m4a,audio_full,ok,
4,F:\KINYO\K7素材汇总\10月份\10.11\10月11日-K7-CM-混剪- (3).mp4,..\Processed_Data\K7VideoProcessed\video_full\7560103549079224330_10月11日-K7-CM-混剪- (3).mp4_full.mp4,video_full,ok,transcode
4,F:\KINYO\K7素材汇总\10月份\10.11\10月11日-K7-CM-混剪- (3).mp4,..\Processed_Data\K7VideoProcessed\video_15s\7560103549079224330_10月11日-K7-CM-混剪- (3).mp4_15s.mp4,clip15s,ok,
4,F:\KINYO\K7素材汇总\10月份\10.11\10月11日-K7-CM-混剪- (3).mp4,..\Processed_Data\K7VideoProcessed\audio_full\7560103549079224330_10月11日-K7-CM-混剪- (3).mp4.m4a,audio_full,ok,
7,F:\KINYO\K7素材汇总\10月份\10.29\10月29日-K7-MY-  (7)混剪.mp4,..\Processed_Data\K7VideoProcessed\video_full\7566797565342269481_10月29日-K7-MY- (7)混剪.mp4_full.mp4,video_full,ok,transcode
7,F:\KINYO\K7素材汇总\10月份\10.29\10月29日-K7-MY-  (7)混剪.mp4,..\Processed_Data\K7VideoProcessed\video_15s\7566797565342269481_10月29日-K7-MY- (7)混剪.mp4_15s.mp4,clip15s,ok,
7,F:\KINYO\K7素材汇总\10月份\10.29\10月29日-K7-MY-  (7)混剪.mp4,..\Processed_Data\K7VideoProcessed\audio_full\7566797565342269481_10月29日-K7-MY- (7)混剪.mp4.m4a,audio_full,ok,
6,F:\KINYO\K7素材汇总\10月份\10.22\10月22日-K7-MY-  (4)混剪.mp4,..\Processed_Data\K7VideoProcessed\video_full\7564180851987496969_10月22日-K7-MY- (4)混剪.mp4_full.mp4,video_full,ok,transcode
6,F:\KINYO\K7素材汇总\10月份\10.22\10月22日-K7-MY-  (4)混剪.mp4,..\Processed_Data\K7VideoProcessed\video_15s\7564180851987496969_10月22日-K7-MY- (4)混剪.mp4_15s.mp4,clip15s,ok,
6,F:\KINYO\K7素材汇总\10月份\10.22\10月22日-K7-MY-  (4)混剪.mp4,..\Processed_Data\K7VideoProcessed\audio_full\7564180851987496969_10月22日-K7-MY- (4)混剪.mp4.m4a,audio_full,ok,
8,F:\KINYO\K7素材汇总\11月份\11.1\11月1日-K7-MY-   (6)混剪.mp4,..\Processed_Data\K7VideoProcessed\video_full\7567908601362235446_11月1日-K7-MY- (6)混剪.mp4_full.mp4,video_full,ok,transcode
8,F:\KINYO\K7素材汇总\11月份\11.1\11月1日-K7-MY-   (6)混剪.mp4,..\Processed_Data\K7VideoProcessed\video_15s\7567908601362235446_11月1日-K7-MY- (6)混剪.mp4_15s.mp4,clip15s,ok,
8,F:\KINYO\K7素材汇总\11月份\11.1\11月1日-K7-MY-   (6)混剪.mp4,..\Processed_Data\K7VideoProcessed\audio_full\7567908601362235446_11月1日-K7-MY- (6)混剪.mp4.m4a,audio_full,ok,
9,F:\KINYO\K7素材汇总\11月份\11.2\11月2日-K7-CM-混剪- (2)已发.mp4,..\Processed_Data\K7VideoProcessed\video_full\7568274604407570459_11月2日-K7-CM-混剪- (2)已发.mp4_full.mp4,video_full,ok,transcode
9,F:\KINYO\K7素材汇总\11月份\11.2\11月2日-K7-CM-混剪- (2)已发.mp4,..\Processed_Data\K7VideoProcessed\video_15s\7568274604407570459_11月2日-K7-CM-混剪- (2)已发.mp4_15s.mp4,clip15s,ok,
9,F:\KINYO\K7素材汇总\11月份\11.2\11月2日-K7-CM-混剪- (2)已发.mp4,..\Processed_Data\K7VideoProcessed\audio_full\7568274604407570459_11月2日-K7-CM-混剪- (2)已发.mp4.m4a,audio_full,ok,
11,F:\KINYO\K7素材汇总\11月份\11.3\11月3日-K7-CM-混剪- (1).mp4,..\Processed_Data\K7VideoProcessed\video_full\7568644679476002854_11月3日-K7-CM-混剪- (1).mp4_full.mp4,video_full,ok,transcode
11,F:\KINYO\K7素材汇总\11月份\11.3\11月3日-K7-CM-混剪- (1).mp4,..\Processed_Data\K7VideoProcessed\video_15s\7568644679476002854_11月3日-K7-CM-混剪- (1).mp4_15s.mp4,clip15s,ok,
11,F:\KINYO\K7素材汇总\11月份\11.3\11月3日-K7-CM-混剪- (1).mp4,..\Processed_Data\K7VideoProcessed\audio_full\7568644679476002854_11月3日-K7-CM-混剪- (1).mp4.m4a,audio_full,ok,
10,F:\KINYO\K7素材汇总\11月份\11.2\11月2日-K7-CM-混剪- (1)已发.mp4,..\Processed_Data\K7VideoProcessed\video_full\7568274748870983689_11月2日-K7-CM-混剪- (1)已发.mp4_full.mp4,video_full,ok,transcode
10,F:\KINYO\K7素材汇总\11月份\11.2\11月2日-K7-CM-混剪- (1)已发.mp4,..\Processed_Data\K7VideoProcessed\video_15s\7568274748870983689_11月2日-K7-CM-混剪- (1)已发.mp4_15s.mp4,clip15s,ok,
10,F:\KINYO\K7素材汇总\11月份\11.2\11月2日-K7-CM-混剪- (1)已发.mp4,..\Processed_Data\K7VideoProcessed\audio_full\7568274748870983689_11月2日-K7-CM-混剪- (1)已发.mp4.m4a,audio_full,ok,
12,F:\KINYO\K7素材汇总\11月份\11.5\11月5日-K7-MY-    (5)混剪.mp4,..\Processed_Data\K7VideoProcessed\video_full\7569598921535143942_11月5日-K7-MY- (5)混剪.mp4_full.mp4,video_full,ok,transcode
12,F:\KINYO\K7素材汇总\11月份\11.5\11月5日-K7-MY-    (5)混剪.mp4,..\Processed_Data\K7VideoProcessed\video_15s\7569598921535143942_11月5日-K7-MY- (5)混剪.mp4_15s.mp4,clip15s,ok,
12,F:\KINYO\K7素材汇总\11月份\11.5\11月5日-K7-MY-    (5)混剪.mp4,..\Processed_Data\K7VideoProcessed\audio_full\7569598921535143942_11月5日-K7-MY- (5)混剪.mp4.m4a,audio_full,ok,
13,F:\KINYO\K7素材汇总\11月份\11.6\11月6日-K7-CM-混剪- (3).mp4,..\Processed_Data\K7VideoProcessed\video_full\7569598928741662774_11月6日-K7-CM-混剪- (3).mp4_full.mp4,video_full,ok,transcode
13,F:\KINYO\K7素材汇总\11月份\11.6\11月6日-K7-CM-混剪- (3).mp4,..\Processed_Data\K7VideoProcessed\video_15s\7569598928741662774_11月6日-K7-CM-混剪- (3).mp4_15s.mp4,clip15s,ok,
13,F:\KINYO\K7素材汇总\11月份\11.6\11月6日-K7-CM-混剪- (3).mp4,..\Processed_Data\K7VideoProcessed\audio_full\7569598928741662774_11月6日-K7-CM-混剪- (3).mp4.m4a,audio_full,ok,
14,F:\KINYO\K7素材汇总\11月份\11.6\11月6日-K7-MY-   (4)混剪.mp4,..\Processed_Data\K7VideoProcessed\video_full\7569598932432502825_11月6日-K7-MY- (4)混剪.mp4_full.mp4,video_full,ok,transcode
14,F:\KINYO\K7素材汇总\11月份\11.6\11月6日-K7-MY-   (4)混剪.mp4,..\Processed_Data\K7VideoProcessed\video_15s\7569598932432502825_11月6日-K7-MY- (4)混剪.mp4_15s.mp4,clip15s,ok,
14,F:\KINYO\K7素材汇总\11月份\11.6\11月6日-K7-MY-   (4)混剪.mp4,..\Processed_Data\K7VideoProcessed\audio_full\7569598932432502825_11月6日-K7-MY- (4)混剪.mp4.m4a,audio_full,ok,
15,F:\KINYO\K7素材汇总\11月份\11.9\11月9日K7-MY-    (5)混剪.mp4,..\Processed_Data\K7VideoProcessed\video_full\7570718436512120868_11月9日K7-MY- (5)混剪.mp4_full.mp4,video_full,ok,transcode
15,F:\KINYO\K7素材汇总\11月份\11.9\11月9日K7-MY-    (5)混剪.mp4,..\Processed_Data\K7VideoProcessed\video_15s\7570718436512120868_11月9日K7-MY- (5)混剪.mp4_15s.mp4,clip15s,ok,
15,F:\KINYO\K7素材汇总\11月份\11.9\11月9日K7-MY-    (5)混剪.mp4,..\Processed_Data\K7VideoProcessed\audio_full\7570718436512120868_11月9日K7-MY- (5)混剪.mp4.m4a,audio_full,ok,
17,F:\KINYO\K7素材汇总\11月份\11.11\11月11日-K7-MY-混剪-   (1).mp4,..\Processed_Data\K7VideoProcessed\video_full\7571316993975189523_11月11日-K7-MY-混剪- (1).mp4_full.mp4,video_full,ok,transcode
17,F:\KINYO\K7素材汇总\11月份\11.11\11月11日-K7-MY-混剪-   (1).mp4,..\Processed_Data\K7VideoProcessed\video_15s\7571316993975189523_11月11日-K7-MY-混剪- (1).mp4_15s.mp4,clip15s,ok,
17,F:\KINYO\K7素材汇总\11月份\11.11\11月11日-K7-MY-混剪-   (1).mp4,..\Processed_Data\K7VideoProcessed\audio_full\7571316993975189523_11月11日-K7-MY-混剪- (1).mp4.m4a,audio_full,ok,
16,F:\KINYO\K7素材汇总\11月份\11.10\11月10日K7-MY-    (7)混剪.mp4,..\Processed_Data\K7VideoProcessed\video_full\7571089065883238443_11月10日K7-MY- (7)混剪.mp4_full.mp4,video_full,ok,transcode
16,F:\KINYO\K7素材汇总\11月份\11.10\11月10日K7-MY-    (7)混剪.mp4,..\Processed_Data\K7VideoProcessed\video_15s\7571089065883238443_11月10日K7-MY- (7)混剪.mp4_15s.mp4,clip15s,ok,
16,F:\KINYO\K7素材汇总\11月份\11.10\11月10日K7-MY-    (7)混剪.mp4,..\Processed_Data\K7VideoProcessed\audio_full\7571089065883238443_11月10日K7-MY- (7)混剪.mp4.m4a,audio_full,ok,
18,F:\KINYO\K7素材汇总\11月份\11.11\11月11日-K7-CM-混剪- (5).mp4,..\Processed_Data\K7VideoProcessed\video_full\7571316996928323603_11月11日-K7-CM-混剪- (5).mp4_full.mp4,video_full,ok,transcode
18,F:\KINYO\K7素材汇总\11月份\11.11\11月11日-K7-CM-混剪- (5).mp4,..\Processed_Data\K7VideoProcessed\video_15s\7571316996928323603_11月11日-K7-CM-混剪- (5).mp4_15s.mp4,clip15s,ok,
18,F:\KINYO\K7素材汇总\11月份\11.11\11月11日-K7-CM-混剪- (5).mp4,..\Processed_Data\K7VideoProcessed\audio_full\7571316996928323603_11月11日-K7-CM-混剪- (5).mp4.m4a,audio_full,ok,
20,F:\KINYO\K7素材汇总\11月份\11.13\11月13日-K7-CM-混剪- (3).mp4,..\Processed_Data\K7VideoProcessed\video_full\7572390854465273919_11月13日-K7-CM-混剪- (3).mp4_full.mp4,video_full,ok,transcode
20,F:\KINYO\K7素材汇总\11月份\11.13\11月13日-K7-CM-混剪- (3).mp4,..\Processed_Data\K7VideoProcessed\video_15s\7572390854465273919_11月13日-K7-CM-混剪- (3).mp4_15s.mp4,clip15s,ok,
20,F:\KINYO\K7素材汇总\11月份\11.13\11月13日-K7-CM-混剪- (3).mp4,..\Processed_Data\K7VideoProcessed\audio_full\7572390854465273919_11月13日-K7-CM-混剪- (3).mp4.m4a,audio_full,ok,
19,F:\KINYO\K7素材汇总\11月份\11.11\11月11日-K7-MY-混剪-   (3).mp4,..\Processed_Data\K7VideoProcessed\video_full\7571344531418284095_11月11日-K7-MY-混剪- (3).mp4_full.mp4,video_full,ok,transcode
19,F:\KINYO\K7素材汇总\11月份\11.11\11月11日-K7-MY-混剪-   (3).mp4,..\Processed_Data\K7VideoProcessed\video_15s\7571344531418284095_11月11日-K7-MY-混剪- (3).mp4_15s.mp4,clip15s,ok,
19,F:\KINYO\K7素材汇总\11月份\11.11\11月11日-K7-MY-混剪-   (3).mp4,..\Processed_Data\K7VideoProcessed\audio_full\7571344531418284095_11月11日-K7-MY-混剪- (3).mp4.m4a,audio_full,ok,
22,F:\KINYO\K7素材汇总\11月份\11.14\11月14日-K7-MY   (7)混剪.mp4,..\Processed_Data\K7VideoProcessed\video_full\7572709476526932006_11月14日-K7-MY (7)混剪.mp4_full.mp4,video_full,ok,transcode
22,F:\KINYO\K7素材汇总\11月份\11.14\11月14日-K7-MY   (7)混剪.mp4,..\Processed_Data\K7VideoProcessed\video_15s\7572709476526932006_11月14日-K7-MY (7)混剪.mp4_15s.mp4,clip15s,ok,
22,F:\KINYO\K7素材汇总\11月份\11.14\11月14日-K7-MY   (7)混剪.mp4,..\Processed_Data\K7VideoProcessed\audio_full\7572709476526932006_11月14日-K7-MY (7)混剪.mp4.m4a,audio_full,ok,
21,F:\KINYO\K7素材汇总\11月份\11.13\11月13日-K7-CM-混剪- (7).mp4,..\Processed_Data\K7VideoProcessed\video_full\7572390854616432682_11月13日-K7-CM-混剪- (7).mp4_full.mp4,video_full,ok,transcode
21,F:\KINYO\K7素材汇总\11月份\11.13\11月13日-K7-CM-混剪- (7).mp4,..\Processed_Data\K7VideoProcessed\video_15s\7572390854616432682_11月13日-K7-CM-混剪- (7).mp4_15s.mp4,clip15s,ok,
21,F:\KINYO\K7素材汇总\11月份\11.13\11月13日-K7-CM-混剪- (7).mp4,..\Processed_Data\K7VideoProcessed\audio_full\7572390854616432682_11月13日-K7-CM-混剪- (7).mp4.m4a,audio_full,ok,
24,F:\KINYO\K7素材汇总\11月份\11.18\11月18日-K7-CM- 混剪- (5).mp4,..\Processed_Data\K7VideoProcessed\video_full\7574230190214873097_11月18日-K7-CM- 混剪- (5).mp4_full.mp4,video_full,ok,transcode
24,F:\KINYO\K7素材汇总\11月份\11.18\11月18日-K7-CM- 混剪- (5).mp4,..\Processed_Data\K7VideoProcessed\video_15s\7574230190214873097_11月18日-K7-CM- 混剪- (5).mp4_15s.mp4,clip15s,ok,
24,F:\KINYO\K7素材汇总\11月份\11.18\11月18日-K7-CM- 混剪- (5).mp4,..\Processed_Data\K7VideoProcessed\audio_full\7574230190214873097_11月18日-K7-CM- 混剪- (5).mp4.m4a,audio_full,ok,
23,F:\KINYO\K7素材汇总\11月份\11.14\11月14日-K7-MY   (6)混剪.mp4,..\Processed_Data\K7VideoProcessed\video_full\7572709539665969162_11月14日-K7-MY (6)混剪.mp4_full.mp4,video_full,ok,transcode
23,F:\KINYO\K7素材汇总\11月份\11.14\11月14日-K7-MY   (6)混剪.mp4,..\Processed_Data\K7VideoProcessed\video_15s\7572709539665969162_11月14日-K7-MY (6)混剪.mp4_15s.mp4,clip15s,ok,
23,F:\KINYO\K7素材汇总\11月份\11.14\11月14日-K7-MY   (6)混剪.mp4,..\Processed_Data\K7VideoProcessed\audio_full\7572709539665969162_11月14日-K7-MY (6)混剪.mp4.m4a,audio_full,ok,
25,F:\KINYO\K7素材汇总\11月份\11.20\11月20日-K7-MY-  (4)混剪.mp4,..\Processed_Data\K7VideoProcessed\video_full\7574947956417544219_11月20日-K7-MY- (4)混剪.mp4_full.mp4,video_full,ok,transcode
25,F:\KINYO\K7素材汇总\11月份\11.20\11月20日-K7-MY-  (4)混剪.mp4,..\Processed_Data\K7VideoProcessed\video_15s\7574947956417544219_11月20日-K7-MY- (4)混剪.mp4_15s.mp4,clip15s,ok,
25,F:\KINYO\K7素材汇总\11月份\11.20\11月20日-K7-MY-  (4)混剪.mp4,..\Processed_Data\K7VideoProcessed\audio_full\7574947956417544219_11月20日-K7-MY- (4)混剪.mp4.m4a,audio_full,ok,
26,F:\KINYO\K7素材汇总\11月份\11.26\11月26日-K7-MY- (3)混剪.mp4,..\Processed_Data\K7VideoProcessed\video_full\7577162570910629929_11月26日-K7-MY- (3)混剪.mp4_full.mp4,video_full,ok,transcode
26,F:\KINYO\K7素材汇总\11月份\11.26\11月26日-K7-MY- (3)混剪.mp4,..\Processed_Data\K7VideoProcessed\video_15s\7577162570910629929_11月26日-K7-MY- (3)混剪.mp4_15s.mp4,clip15s,ok,
26,F:\KINYO\K7素材汇总\11月份\11.26\11月26日-K7-MY- (3)混剪.mp4,..\Processed_Data\K7VideoProcessed\audio_full\7577162570910629929_11月26日-K7-MY- (3)混剪.mp4.m4a,audio_full,ok,
27,F:\KINYO\K7素材汇总\11月份\11.27\11月27日-K7-CM-混剪- (6).mp4,..\Processed_Data\K7VideoProcessed\video_full\7577407007731875850_11月27日-K7-CM-混剪- (6).mp4_full.mp4,video_full,ok,transcode
27,F:\KINYO\K7素材汇总\11月份\11.27\11月27日-K7-CM-混剪- (6).mp4,..\Processed_Data\K7VideoProcessed\video_15s\7577407007731875850_11月27日-K7-CM-混剪- (6).mp4_15s.mp4,clip15s,ok,
27,F:\KINYO\K7素材汇总\11月份\11.27\11月27日-K7-CM-混剪- (6).mp4,..\Processed_Data\K7VideoProcessed\audio_full\7577407007731875850_11月27日-K7-CM-混剪- (6).mp4.m4a,audio_full,ok,
28,F:\KINYO\K7素材汇总\11月份\11.27\11月27日-K7-CM-混剪- (2).mp4,..\Processed_Data\K7VideoProcessed\video_full\7577407079296794633_11月27日-K7-CM-混剪- (2).mp4_full.mp4,video_full,ok,transcode
28,F:\KINYO\K7素材汇总\11月份\11.27\11月27日-K7-CM-混剪- (2).mp4,..\Processed_Data\K7VideoProcessed\video_15s\7577407079296794633_11月27日-K7-CM-混剪- (2).mp4_15s.mp4,clip15s,ok,
28,F:\KINYO\K7素材汇总\11月份\11.27\11月27日-K7-CM-混剪- (2).mp4,..\Processed_Data\K7VideoProcessed\audio_full\7577407079296794633_11月27日-K7-CM-混剪- (2).mp4.m4a,audio_full,ok,
29,F:\KINYO\K7素材汇总\11月份\11.29\11月29日-K7-CM-混剪- (6).mp4,..\Processed_Data\K7VideoProcessed\video_full\7578286129389305894_11月29日-K7-CM-混剪- (6).mp4_full.mp4,video_full,ok,transcode
29,F:\KINYO\K7素材汇总\11月份\11.29\11月29日-K7-CM-混剪- (6).mp4,..\Processed_Data\K7VideoProcessed\video_15s\7578286129389305894_11月29日-K7-CM-混剪- (6).mp4_15s.mp4,clip15s,ok,
29,F:\KINYO\K7素材汇总\11月份\11.29\11月29日-K7-CM-混剪- (6).mp4,..\Processed_Data\K7VideoProcessed\audio_full\7578286129389305894_11月29日-K7-CM-混剪- (6).mp4.m4a,audio_full,ok,
30,F:\KINYO\K7素材汇总\11月份\11.30\11月30日-K7-MY- (7)混剪已发.mp4,..\Processed_Data\K7VideoProcessed\video_full\7578658954785620011_11月30日-K7-MY- (7)混剪已发.mp4_full.mp4,video_full,ok,transcode
30,F:\KINYO\K7素材汇总\11月份\11.30\11月30日-K7-MY- (7)混剪已发.mp4,..\Processed_Data\K7VideoProcessed\video_15s\7578658954785620011_11月30日-K7-MY- (7)混剪已发.mp4_15s.mp4,clip15s,ok,
30,F:\KINYO\K7素材汇总\11月份\11.30\11月30日-K7-MY- (7)混剪已发.mp4,..\Processed_Data\K7VideoProcessed\audio_full\7578658954785620011_11月30日-K7-MY- (7)混剪已发.mp4.m4a,audio_full,ok,
31,F:\KINYO\K7素材汇总\12月份\12.1\12月1-K7-CM-混剪- (2).mp4,..\Processed_Data\K7VideoProcessed\video_full\7578901831852671019_12月1-K7-CM-混剪- (2).mp4_full.mp4,video_full,ok,transcode
31,F:\KINYO\K7素材汇总\12月份\12.1\12月1-K7-CM-混剪- (2).mp4,..\Processed_Data\K7VideoProcessed\video_15s\7578901831852671019_12月1-K7-CM-混剪- (2).mp4_15s.mp4,clip15s,ok,
31,F:\KINYO\K7素材汇总\12月份\12.1\12月1-K7-CM-混剪- (2).mp4,..\Processed_Data\K7VideoProcessed\audio_full\7578901831852671019_12月1-K7-CM-混剪- (2).mp4.m4a,audio_full,ok,
32,F:\KINYO\K7素材汇总\12月份\12.2\12月2日-K7-YL- (1)混剪.mp4,..\Processed_Data\K7VideoProcessed\video_full\7579406891019091977_12月2日-K7-YL- (1)混剪.mp4_full.mp4,video_full,ok,transcode
32,F:\KINYO\K7素材汇总\12月份\12.2\12月2日-K7-YL- (1)混剪.mp4,..\Processed_Data\K7VideoProcessed\video_15s\7579406891019091977_12月2日-K7-YL- (1)混剪.mp4_15s.mp4,clip15s,ok,
32,F:\KINYO\K7素材汇总\12月份\12.2\12月2日-K7-YL- (1)混剪.mp4,..\Processed_Data\K7VideoProcessed\audio_full\7579406891019091977_12月2日-K7-YL- (1)混剪.mp4.m4a,audio_full,ok,
34,F:\KINYO\K7素材汇总\12月份\12.2\12月2日-K7-CM-混剪- (5).mp4,..\Processed_Data\K7VideoProcessed\video_full\7579408877080477705_12月2日-K7-CM-混剪- (5).mp4_full.mp4,video_full,ok,transcode
34,F:\KINYO\K7素材汇总\12月份\12.2\12月2日-K7-CM-混剪- (5).mp4,..\Processed_Data\K7VideoProcessed\video_15s\7579408877080477705_12月2日-K7-CM-混剪- (5).mp4_15s.mp4,clip15s,ok,
34,F:\KINYO\K7素材汇总\12月份\12.2\12月2日-K7-CM-混剪- (5).mp4,..\Processed_Data\K7VideoProcessed\audio_full\7579408877080477705_12月2日-K7-CM-混剪- (5).mp4.m4a,audio_full,ok,
33,F:\KINYO\K7素材汇总\12月份\12.2\12月2日-K7-YL- (2)混剪.mp4,..\Processed_Data\K7VideoProcessed\video_full\7579406989202374666_12月2日-K7-YL- (2)混剪.mp4_full.mp4,video_full,ok,transcode
33,F:\KINYO\K7素材汇总\12月份\12.2\12月2日-K7-YL- (2)混剪.mp4,..\Processed_Data\K7VideoProcessed\video_15s\7579406989202374666_12月2日-K7-YL- (2)混剪.mp4_15s.mp4,clip15s,ok,
33,F:\KINYO\K7素材汇总\12月份\12.2\12月2日-K7-YL- (2)混剪.mp4,..\Processed_Data\K7VideoProcessed\audio_full\7579406989202374666_12月2日-K7-YL- (2)混剪.mp4.m4a,audio_full,ok,
35,F:\KINYO\K7素材汇总\12月份\12.4\12月4日-K7-CM-混剪- (8).mp4,..\Processed_Data\K7VideoProcessed\video_full\7580189563341979674_12月4日-K7-CM-混剪- (8).mp4_full.mp4,video_full,ok,transcode
35,F:\KINYO\K7素材汇总\12月份\12.4\12月4日-K7-CM-混剪- (8).mp4,..\Processed_Data\K7VideoProcessed\video_15s\7580189563341979674_12月4日-K7-CM-混剪- (8).mp4_15s.mp4,clip15s,ok,
35,F:\KINYO\K7素材汇总\12月份\12.4\12月4日-K7-CM-混剪- (8).mp4,..\Processed_Data\K7VideoProcessed\audio_full\7580189563341979674_12月4日-K7-CM-混剪- (8).mp4.m4a,audio_full,ok,
36,F:\KINYO\K7素材汇总\12月份\12.4\12月4日-K7-CM-混剪- (6).mp4,..\Processed_Data\K7VideoProcessed\video_full\7580189575614218249_12月4日-K7-CM-混剪- (6).mp4_full.mp4,video_full,ok,transcode
36,F:\KINYO\K7素材汇总\12月份\12.4\12月4日-K7-CM-混剪- (6).mp4,..\Processed_Data\K7VideoProcessed\video_15s\7580189575614218249_12月4日-K7-CM-混剪- (6).mp4_15s.mp4,clip15s,ok,
36,F:\KINYO\K7素材汇总\12月份\12.4\12月4日-K7-CM-混剪- (6).mp4,..\Processed_Data\K7VideoProcessed\audio_full\7580189575614218249_12月4日-K7-CM-混剪- (6).mp4.m4a,audio_full,ok,
37,F:\KINYO\K7素材汇总\12月份\12.5\12月5日-K7-YL-(8)混剪.mp4,..\Processed_Data\K7VideoProcessed\video_full\7580391039212011561_12月5日-K7-YL-(8)混剪.mp4_full.mp4,video_full,ok,transcode
37,F:\KINYO\K7素材汇总\12月份\12.5\12月5日-K7-YL-(8)混剪.mp4,..\Processed_Data\K7VideoProcessed\video_15s\7580391039212011561_12月5日-K7-YL-(8)混剪.mp4_15s.mp4,clip15s,ok,
37,F:\KINYO\K7素材汇总\12月份\12.5\12月5日-K7-YL-(8)混剪.mp4,..\Processed_Data\K7VideoProcessed\audio_full\7580391039212011561_12月5日-K7-YL-(8)混剪.mp4.m4a,audio_full,ok,
38,F:\KINYO\K7素材汇总\12月份\12.8\12月8日-K7-YL-(3)混剪.mp4,..\Processed_Data\K7VideoProcessed\video_full\7581483019275649030_12月8日-K7-YL-(3)混剪.mp4_full.mp4,video_full,ok,transcode
38,F:\KINYO\K7素材汇总\12月份\12.8\12月8日-K7-YL-(3)混剪.mp4,..\Processed_Data\K7VideoProcessed\video_15s\7581483019275649030_12月8日-K7-YL-(3)混剪.mp4_15s.mp4,clip15s,ok,
38,F:\KINYO\K7素材汇总\12月份\12.8\12月8日-K7-YL-(3)混剪.mp4,..\Processed_Data\K7VideoProcessed\audio_full\7581483019275649030_12月8日-K7-YL-(3)混剪.mp4.m4a,audio_full,ok,
40,F:\KINYO\K7素材汇总\12月份\12.10\12月10日-K7-YL-(6)混剪.mp4,..\Processed_Data\K7VideoProcessed\video_full\7582349749170716682_12月10日-K7-YL-(6)混剪.mp4_full.mp4,video_full,ok,transcode
40,F:\KINYO\K7素材汇总\12月份\12.10\12月10日-K7-YL-(6)混剪.mp4,..\Processed_Data\K7VideoProcessed\video_15s\7582349749170716682_12月10日-K7-YL-(6)混剪.mp4_15s.mp4,clip15s,ok,
40,F:\KINYO\K7素材汇总\12月份\12.10\12月10日-K7-YL-(6)混剪.mp4,..\Processed_Data\K7VideoProcessed\audio_full\7582349749170716682_12月10日-K7-YL-(6)混剪.mp4.m4a,audio_full,ok,
39,F:\KINYO\K7素材汇总\12月份\12.9\12月9日-K7-YL-(2)混剪.mp4,..\Processed_Data\K7VideoProcessed\video_full\7582008966022660159_12月9日-K7-YL-(2)混剪.mp4_full.mp4,video_full,ok,transcode
39,F:\KINYO\K7素材汇总\12月份\12.9\12月9日-K7-YL-(2)混剪.mp4,..\Processed_Data\K7VideoProcessed\video_15s\7582008966022660159_12月9日-K7-YL-(2)混剪.mp4_15s.mp4,clip15s,ok,
39,F:\KINYO\K7素材汇总\12月份\12.9\12月9日-K7-YL-(2)混剪.mp4,..\Processed_Data\K7VideoProcessed\audio_full\7582008966022660159_12月9日-K7-YL-(2)混剪.mp4.m4a,audio_full,ok,
41,F:\KINYO\K7素材汇总\12月份\12.10\12月10日-K7-MY-混剪 (3).mp4,..\Processed_Data\K7VideoProcessed\video_full\7582349825220870170_12月10日-K7-MY-混剪 (3).mp4_full.mp4,video_full,ok,transcode
41,F:\KINYO\K7素材汇总\12月份\12.10\12月10日-K7-MY-混剪 (3).mp4,..\Processed_Data\K7VideoProcessed\video_15s\7582349825220870170_12月10日-K7-MY-混剪 (3).mp4_15s.mp4,clip15s,ok,
41,F:\KINYO\K7素材汇总\12月份\12.10\12月10日-K7-MY-混剪 (3).mp4,..\Processed_Data\K7VideoProcessed\audio_full\7582349825220870170_12月10日-K7-MY-混剪 (3).mp4.m4a,audio_full,ok,
42,F:\KINYO\K7素材汇总\12月份\12.11\12月11日-K7-YL-(7)混剪.mp4,..\Processed_Data\K7VideoProcessed\video_full\7582775227680210995_12月11日-K7-YL-(7)混剪.mp4_full.mp4,video_full,ok,transcode
42,F:\KINYO\K7素材汇总\12月份\12.11\12月11日-K7-YL-(7)混剪.mp4,..\Processed_Data\K7VideoProcessed\video_15s\7582775227680210995_12月11日-K7-YL-(7)混剪.mp4_15s.mp4,clip15s,ok,
42,F:\KINYO\K7素材汇总\12月份\12.11\12月11日-K7-YL-(7)混剪.mp4,..\Processed_Data\K7VideoProcessed\audio_full\7582775227680210995_12月11日-K7-YL-(7)混剪.mp4.m4a,audio_full,ok,
43,F:\KINYO\K7素材汇总\12月份\12.12\12月12日-K7-YL-(3)混剪.mp4,..\Processed_Data\K7VideoProcessed\video_full\7582979285365293097_12月12日-K7-YL-(3)混剪.mp4_full.mp4,video_full,ok,transcode
43,F:\KINYO\K7素材汇总\12月份\12.12\12月12日-K7-YL-(3)混剪.mp4,..\Processed_Data\K7VideoProcessed\video_15s\7582979285365293097_12月12日-K7-YL-(3)混剪.mp4_15s.mp4,clip15s,ok,
43,F:\KINYO\K7素材汇总\12月份\12.12\12月12日-K7-YL-(3)混剪.mp4,..\Processed_Data\K7VideoProcessed\audio_full\7582979285365293097_12月12日-K7-YL-(3)混剪.mp4.m4a,audio_full,ok,
44,F:\KINYO\K7素材汇总\12月份\12.15\12月15日-K7-MY- (10)混剪.mp4,..\Processed_Data\K7VideoProcessed\video_full\7584289914902167595_12月15日-K7-MY- (10)混剪.mp4_full.mp4,video_full,ok,transcode
44,F:\KINYO\K7素材汇总\12月份\12.15\12月15日-K7-MY- (10)混剪.mp4,..\Processed_Data\K7VideoProcessed\video_15s\7584289914902167595_12月15日-K7-MY- (10)混剪.mp4_15s.mp4,clip15s,ok,
44,F:\KINYO\K7素材汇总\12月份\12.15\12月15日-K7-MY- (10)混剪.mp4,..\Processed_Data\K7VideoProcessed\audio_full\7584289914902167595_12月15日-K7-MY- (10)混剪.mp4.m4a,audio_full,ok,
45,F:\KINYO\K7素材汇总\12月份\12.16\12月16日-K7-YL-(2)混剪.mp4,..\Processed_Data\K7VideoProcessed\video_full\7584464119644569654_12月16日-K7-YL-(2)混剪.mp4_full.mp4,video_full,ok,transcode
45,F:\KINYO\K7素材汇总\12月份\12.16\12月16日-K7-YL-(2)混剪.mp4,..\Processed_Data\K7VideoProcessed\video_15s\7584464119644569654_12月16日-K7-YL-(2)混剪.mp4_15s.mp4,clip15s,ok,
45,F:\KINYO\K7素材汇总\12月份\12.16\12月16日-K7-YL-(2)混剪.mp4,..\Processed_Data\K7VideoProcessed\audio_full\7584464119644569654_12月16日-K7-YL-(2)混剪.mp4.m4a,audio_full,ok,
48,F:\KINYO\K7素材汇总\12月份\12.17\12月17日-K7-YL-(4)混剪.mp4,..\Processed_Data\K7VideoProcessed\video_full\7585009297122590730_12月17日-K7-YL-(4)混剪.mp4_full.mp4,video_full,ok,transcode
48,F:\KINYO\K7素材汇总\12月份\12.17\12月17日-K7-YL-(4)混剪.mp4,..\Processed_Data\K7VideoProcessed\video_15s\7585009297122590730_12月17日-K7-YL-(4)混剪.mp4_15s.mp4,clip15s,ok,
48,F:\KINYO\K7素材汇总\12月份\12.17\12月17日-K7-YL-(4)混剪.mp4,..\Processed_Data\K7VideoProcessed\audio_full\7585009297122590730_12月17日-K7-YL-(4)混剪.mp4.m4a,audio_full,ok,
46,F:\KINYO\K7素材汇总\12月份\12.16\12月16日-K7-YL-(3)混剪.mp4,..\Processed_Data\K7VideoProcessed\video_full\7584464145278910483_12月16日-K7-YL-(3)混剪.mp4_full.mp4,video_full,ok,transcode
46,F:\KINYO\K7素材汇总\12月份\12.16\12月16日-K7-YL-(3)混剪.mp4,..\Processed_Data\K7VideoProcessed\video_15s\7584464145278910483_12月16日-K7-YL-(3)混剪.mp4_15s.mp4,clip15s,ok,
46,F:\KINYO\K7素材汇总\12月份\12.16\12月16日-K7-YL-(3)混剪.mp4,..\Processed_Data\K7VideoProcessed\audio_full\7584464145278910483_12月16日-K7-YL-(3)混剪.mp4.m4a,audio_full,ok,
49,F:\KINYO\K7素材汇总\12月份\12.22\12月22日-K7-CM-混剪- (3).mp4,..\Processed_Data\K7VideoProcessed\video_full\7586825993240674346_12月22日-K7-CM-混剪- (3).mp4_full.mp4,video_full,ok,transcode
49,F:\KINYO\K7素材汇总\12月份\12.22\12月22日-K7-CM-混剪- (3).mp4,..\Processed_Data\K7VideoProcessed\video_15s\7586825993240674346_12月22日-K7-CM-混剪- (3).mp4_15s.mp4,clip15s,ok,
49,F:\KINYO\K7素材汇总\12月份\12.22\12月22日-K7-CM-混剪- (3).mp4,..\Processed_Data\K7VideoProcessed\audio_full\7586825993240674346_12月22日-K7-CM-混剪- (3).mp4.m4a,audio_full,ok,
47,F:\KINYO\K7素材汇总\12月份\12.16\12月16日-K7-YL-(4)混剪.mp4,..\Processed_Data\K7VideoProcessed\video_full\7584464155228078099_12月16日-K7-YL-(4)混剪.mp4_full.mp4,video_full,ok,transcode
47,F:\KINYO\K7素材汇总\12月份\12.16\12月16日-K7-YL-(4)混剪.mp4,..\Processed_Data\K7VideoProcessed\video_15s\7584464155228078099_12月16日-K7-YL-(4)混剪.mp4_15s.mp4,clip15s,ok,
47,F:\KINYO\K7素材汇总\12月份\12.16\12月16日-K7-YL-(4)混剪.mp4,..\Processed_Data\K7VideoProcessed\audio_full\7584464155228078099_12月16日-K7-YL-(4)混剪.mp4.m4a,audio_full,ok,
50,F:\KINYO\K7素材汇总\12月份\12.26\12月26日-K7-CM-混剪- (3).mp4,..\Processed_Data\K7VideoProcessed\video_full\7588313895712407598_12月26日-K7-CM-混剪- (3).mp4_full.mp4,video_full,ok,transcode
50,F:\KINYO\K7素材汇总\12月份\12.26\12月26日-K7-CM-混剪- (3).mp4,..\Processed_Data\K7VideoProcessed\video_15s\7588313895712407598_12月26日-K7-CM-混剪- (3).mp4_15s.mp4,clip15s,ok,
50,F:\KINYO\K7素材汇总\12月份\12.26\12月26日-K7-CM-混剪- (3).mp4,..\Processed_Data\K7VideoProcessed\audio_full\7588313895712407598_12月26日-K7-CM-混剪- (3).mp4.m4a,audio_full,ok,
51,F:\KINYO\K7素材汇总\12月份\12.27\12月27日-K7-CM-混剪- (8).mp4,..\Processed_Data\K7VideoProcessed\video_full\7588483866241204278_12月27日-K7-CM-混剪- (8).mp4_full.mp4,video_full,ok,transcode
51,F:\KINYO\K7素材汇总\12月份\12.27\12月27日-K7-CM-混剪- (8).mp4,..\Processed_Data\K7VideoProcessed\video_15s\7588483866241204278_12月27日-K7-CM-混剪- (8).mp4_15s.mp4,clip15s,ok,
51,F:\KINYO\K7素材汇总\12月份\12.27\12月27日-K7-CM-混剪- (8).mp4,..\Processed_Data\K7VideoProcessed\audio_full\7588483866241204278_12月27日-K7-CM-混剪- (8).mp4.m4a,audio_full,ok,
52,F:\KINYO\K7素材汇总\12月份\12.27\12月27日-K7-MY- (8)混剪.mp4,..\Processed_Data\K7VideoProcessed\video_full\7588490329344458806_12月27日-K7-MY- (8)混剪.mp4_full.mp4,video_full,ok,transcode
52,F:\KINYO\K7素材汇总\12月份\12.27\12月27日-K7-MY- (8)混剪.mp4,..\Processed_Data\K7VideoProcessed\video_15s\7588490329344458806_12月27日-K7-MY- (8)混剪.mp4_15s.mp4,clip15s,ok,
52,F:\KINYO\K7素材汇总\12月份\12.27\12月27日-K7-MY- (8)混剪.mp4,..\Processed_Data\K7VideoProcessed\audio_full\7588490329344458806_12月27日-K7-MY- (8)混剪.mp4.m4a,audio_full,ok,
53,F:\KINYO\K7素材汇总\12月份\12.28\12月28日-K7-CM-混剪- (6).mp4,..\Processed_Data\K7VideoProcessed\video_full\7588889616480993343_12月28日-K7-CM-混剪- (6).mp4_full.mp4,video_full,ok,transcode
53,F:\KINYO\K7素材汇总\12月份\12.28\12月28日-K7-CM-混剪- (6).mp4,..\Processed_Data\K7VideoProcessed\video_15s\7588889616480993343_12月28日-K7-CM-混剪- (6).mp4_15s.mp4,clip15s,ok,
53,F:\KINYO\K7素材汇总\12月份\12.28\12月28日-K7-CM-混剪- (6).mp4,..\Processed_Data\K7VideoProcessed\audio_full\7588889616480993343_12月28日-K7-CM-混剪- (6).mp4.m4a,audio_full,ok,
54,F:\KINYO\K7素材汇总\12月份\12.29\12月29日-K7-CM-混剪- (10).mp4,..\Processed_Data\K7VideoProcessed\video_full\7589277317837176886_12月29日-K7-CM-混剪- (10).mp4_full.mp4,video_full,ok,transcode
54,F:\KINYO\K7素材汇总\12月份\12.29\12月29日-K7-CM-混剪- (10).mp4,..\Processed_Data\K7VideoProcessed\video_15s\7589277317837176886_12月29日-K7-CM-混剪- (10).mp4_15s.mp4,clip15s,ok,
54,F:\KINYO\K7素材汇总\12月份\12.29\12月29日-K7-CM-混剪- (10).mp4,..\Processed_Data\K7VideoProcessed\audio_full\7589277317837176886_12月29日-K7-CM-混剪- (10).mp4.m4a,audio_full,ok,
55,F:\KINYO\K7素材汇总\12月份\12.30\12月30日-K7-CM-混剪- (6).mp4,..\Processed_Data\K7VideoProcessed\video_full\7589647778797649971_12月30日-K7-CM-混剪- (6).mp4_full.mp4,video_full,ok,transcode
55,F:\KINYO\K7素材汇总\12月份\12.30\12月30日-K7-CM-混剪- (6).mp4,..\Processed_Data\K7VideoProcessed\video_15s\7589647778797649971_12月30日-K7-CM-混剪- (6).mp4_15s.mp4,clip15s,ok,
55,F:\KINYO\K7素材汇总\12月份\12.30\12月30日-K7-CM-混剪- (6).mp4,..\Processed_Data\K7VideoProcessed\audio_full\7589647778797649971_12月30日-K7-CM-混剪- (6).mp4.m4a,audio_full,ok,
58,F:\KINYO\K7素材汇总\12月份\12.31\12月31日-K7-MY- (1)已发.mp4,..\Processed_Data\K7VideoProcessed\video_full\7590171967215992895_12月31日-K7-MY- (1)已发.mp4_full.mp4,video_full,ok,transcode
58,F:\KINYO\K7素材汇总\12月份\12.31\12月31日-K7-MY- (1)已发.mp4,..\Processed_Data\K7VideoProcessed\video_15s\7590171967215992895_12月31日-K7-MY- (1)已发.mp4_15s.mp4,clip15s,ok,
58,F:\KINYO\K7素材汇总\12月份\12.31\12月31日-K7-MY- (1)已发.mp4,..\Processed_Data\K7VideoProcessed\audio_full\7590171967215992895_12月31日-K7-MY- (1)已发.mp4.m4a,audio_full,ok,
56,F:\KINYO\K7素材汇总\12月份\12.31\12月31日-K7-CM-混剪- (3).mp4,..\Processed_Data\K7VideoProcessed\video_full\7589969137973493786_12月31日-K7-CM-混剪- (3).mp4_full.mp4,video_full,ok,transcode
56,F:\KINYO\K7素材汇总\12月份\12.31\12月31日-K7-CM-混剪- (3).mp4,..\Processed_Data\K7VideoProcessed\video_15s\7589969137973493786_12月31日-K7-CM-混剪- (3).mp4_15s.mp4,clip15s,ok,
56,F:\KINYO\K7素材汇总\12月份\12.31\12月31日-K7-CM-混剪- (3).mp4,..\Processed_Data\K7VideoProcessed\audio_full\7589969137973493786_12月31日-K7-CM-混剪- (3).mp4.m4a,audio_full,ok,
57,F:\KINYO\K7素材汇总\12月份\12.31\12月31日-K7-CM-混剪- (11).mp4,..\Processed_Data\K7VideoProcessed\video_full\7589969146219397126_12月31日-K7-CM-混剪- (11).mp4_full.mp4,video_full,ok,transcode
57,F:\KINYO\K7素材汇总\12月份\12.31\12月31日-K7-CM-混剪- (11).mp4,..\Processed_Data\K7VideoProcessed\video_15s\7589969146219397126_12月31日-K7-CM-混剪- (11).mp4_15s.mp4,clip15s,ok,
57,F:\KINYO\K7素材汇总\12月份\12.31\12月31日-K7-CM-混剪- (11).mp4,..\Processed_Data\K7VideoProcessed\audio_full\7589969146219397126_12月31日-K7-CM-混剪- (11).mp4.m4a,audio_full,ok,
59,F:\KINYO\K7素材汇总\1月份\1.2\1月2日-K7-CM-混剪- (13).mp4,..\Processed_Data\K7VideoProcessed\video_full\7590726611370934318_1月2日-K7-CM-混剪- (13).mp4_full.mp4,video_full,ok,transcode
59,F:\KINYO\K7素材汇总\1月份\1.2\1月2日-K7-CM-混剪- (13).mp4,..\Processed_Data\K7VideoProcessed\video_15s\7590726611370934318_1月2日-K7-CM-混剪- (13).mp4_15s.mp4,clip15s,ok,
59,F:\KINYO\K7素材汇总\1月份\1.2\1月2日-K7-CM-混剪- (13).mp4,..\Processed_Data\K7VideoProcessed\audio_full\7590726611370934318_1月2日-K7-CM-混剪- (13).mp4.m4a,audio_full,ok,
60,F:\KINYO\K7素材汇总\1月份\1.3\1月3日-K7-CM-混剪- (5).mp4,..\Processed_Data\K7VideoProcessed\video_full\7591281056402587686_1月3日-K7-CM-混剪- (5).mp4_full.mp4,video_full,ok,transcode
60,F:\KINYO\K7素材汇总\1月份\1.3\1月3日-K7-CM-混剪- (5).mp4,..\Processed_Data\K7VideoProcessed\video_15s\7591281056402587686_1月3日-K7-CM-混剪- (5).mp4_15s.mp4,clip15s,ok,
60,F:\KINYO\K7素材汇总\1月份\1.3\1月3日-K7-CM-混剪- (5).mp4,..\Processed_Data\K7VideoProcessed\audio_full\7591281056402587686_1月3日-K7-CM-混剪- (5).mp4.m4a,audio_full,ok,
62,F:\KINYO\K7素材汇总\1月份\1.4\1月4日-K7-CM-混剪- (1).mp4,..\Processed_Data\K7VideoProcessed\video_full\7591478547874480170_1月4日-K7-CM-混剪- (1).mp4_full.mp4,video_full,ok,transcode
62,F:\KINYO\K7素材汇总\1月份\1.4\1月4日-K7-CM-混剪- (1).mp4,..\Processed_Data\K7VideoProcessed\video_15s\7591478547874480170_1月4日-K7-CM-混剪- (1).mp4_15s.mp4,clip15s,ok,
62,F:\KINYO\K7素材汇总\1月份\1.4\1月4日-K7-CM-混剪- (1).mp4,..\Processed_Data\K7VideoProcessed\audio_full\7591478547874480170_1月4日-K7-CM-混剪- (1).mp4.m4a,audio_full,ok,
61,F:\KINYO\K7素材汇总\1月份\1.3\1月3日-K7-MY- (7)混剪已发.mp4,..\Processed_Data\K7VideoProcessed\video_full\7591298693720080410_1月3日-K7-MY- (7)混剪已发.mp4_full.mp4,video_full,ok,transcode
61,F:\KINYO\K7素材汇总\1月份\1.3\1月3日-K7-MY- (7)混剪已发.mp4,..\Processed_Data\K7VideoProcessed\video_15s\7591298693720080410_1月3日-K7-MY- (7)混剪已发.mp4_15s.mp4,clip15s,ok,
61,F:\KINYO\K7素材汇总\1月份\1.3\1月3日-K7-MY- (7)混剪已发.mp4,..\Processed_Data\K7VideoProcessed\audio_full\7591298693720080410_1月3日-K7-MY- (7)混剪已发.mp4.m4a,audio_full,ok,
63,F:\KINYO\K7素材汇总\1月份\1.6\1月6日-K7-YL-混剪- (1).mp4,..\Processed_Data\K7VideoProcessed\video_full\7592196202738384905_1月6日-K7-YL-混剪- (1).mp4_full.mp4,video_full,ok,transcode
63,F:\KINYO\K7素材汇总\1月份\1.6\1月6日-K7-YL-混剪- (1).mp4,..\Processed_Data\K7VideoProcessed\video_15s\7592196202738384905_1月6日-K7-YL-混剪- (1).mp4_15s.mp4,clip15s,ok,
63,F:\KINYO\K7素材汇总\1月份\1.6\1月6日-K7-YL-混剪- (1).mp4,..\Processed_Data\K7VideoProcessed\audio_full\7592196202738384905_1月6日-K7-YL-混剪- (1).mp4.m4a,audio_full,ok,
66,F:\KINYO\K7素材汇总\1月份\1.6\1月6日-K7-CM-混剪- (1).mp4,..\Processed_Data\K7VideoProcessed\video_full\7592213374836670515_1月6日-K7-CM-混剪- (1).mp4_full.mp4,video_full,ok,transcode
66,F:\KINYO\K7素材汇总\1月份\1.6\1月6日-K7-CM-混剪- (1).mp4,..\Processed_Data\K7VideoProcessed\video_15s\7592213374836670515_1月6日-K7-CM-混剪- (1).mp4_15s.mp4,clip15s,ok,
66,F:\KINYO\K7素材汇总\1月份\1.6\1月6日-K7-CM-混剪- (1).mp4,..\Processed_Data\K7VideoProcessed\audio_full\7592213374836670515_1月6日-K7-CM-混剪- (1).mp4.m4a,audio_full,ok,
64,F:\KINYO\K7素材汇总\1月份\1.6\1月6日-K7-YL-混剪- (6).mp4,..\Processed_Data\K7VideoProcessed\video_full\7592196219902820358_1月6日-K7-YL-混剪- (6).mp4_full.mp4,video_full,ok,transcode
64,F:\KINYO\K7素材汇总\1月份\1.6\1月6日-K7-YL-混剪- (6).mp4,..\Processed_Data\K7VideoProcessed\video_15s\7592196219902820358_1月6日-K7-YL-混剪- (6).mp4_15s.mp4,clip15s,ok,
64,F:\KINYO\K7素材汇总\1月份\1.6\1月6日-K7-YL-混剪- (6).mp4,..\Processed_Data\K7VideoProcessed\audio_full\7592196219902820358_1月6日-K7-YL-混剪- (6).mp4.m4a,audio_full,ok,
65,F:\KINYO\K7素材汇总\1月份\1.6\1月6日-K7-YL-混剪- (3).mp4,..\Processed_Data\K7VideoProcessed\video_full\7592196227359490091_1月6日-K7-YL-混剪- (3).mp4_full.mp4,video_full,ok,transcode
65,F:\KINYO\K7素材汇总\1月份\1.6\1月6日-K7-YL-混剪- (3).mp4,..\Processed_Data\K7VideoProcessed\video_15s\7592196227359490091_1月6日-K7-YL-混剪- (3).mp4_15s.mp4,clip15s,ok,
65,F:\KINYO\K7素材汇总\1月份\1.6\1月6日-K7-YL-混剪- (3).mp4,..\Processed_Data\K7VideoProcessed\audio_full\7592196227359490091_1月6日-K7-YL-混剪- (3).mp4.m4a,audio_full,ok,
67,F:\KINYO\K7素材汇总\1月份\1.6\1月6日-K7-CM-混剪- (12).mp4,..\Processed_Data\K7VideoProcessed\video_full\7592214438725091338_1月6日-K7-CM-混剪- (12).mp4_full.mp4,video_full,ok,transcode
67,F:\KINYO\K7素材汇总\1月份\1.6\1月6日-K7-CM-混剪- (12).mp4,..\Processed_Data\K7VideoProcessed\video_15s\7592214438725091338_1月6日-K7-CM-混剪- (12).mp4_15s.mp4,clip15s,ok,
67,F:\KINYO\K7素材汇总\1月份\1.6\1月6日-K7-CM-混剪- (12).mp4,..\Processed_Data\K7VideoProcessed\audio_full\7592214438725091338_1月6日-K7-CM-混剪- (12).mp4.m4a,audio_full,ok,
68,F:\KINYO\K7素材汇总\1月份\1.7\1月7日-K7-CM-混剪- (12).mp4,..\Processed_Data\K7VideoProcessed\video_full\7592795926180495398_1月7日-K7-CM-混剪- (12).mp4_full.mp4,video_full,ok,transcode
68,F:\KINYO\K7素材汇总\1月份\1.7\1月7日-K7-CM-混剪- (12).mp4,..\Processed_Data\K7VideoProcessed\video_15s\7592795926180495398_1月7日-K7-CM-混剪- (12).mp4_15s.mp4,clip15s,ok,
68,F:\KINYO\K7素材汇总\1月份\1.7\1月7日-K7-CM-混剪- (12).mp4,..\Processed_Data\K7VideoProcessed\audio_full\7592795926180495398_1月7日-K7-CM-混剪- (12).mp4.m4a,audio_full,ok,
69,F:\KINYO\K7素材汇总\1月份\1.8\1月8日-K7-YL-混剪(2).mp4,..\Processed_Data\K7VideoProcessed\video_full\7592938859203821619_1月8日-K7-YL-混剪(2).mp4_full.mp4,video_full,ok,transcode
69,F:\KINYO\K7素材汇总\1月份\1.8\1月8日-K7-YL-混剪(2).mp4,..\Processed_Data\K7VideoProcessed\video_15s\7592938859203821619_1月8日-K7-YL-混剪(2).mp4_15s.mp4,clip15s,ok,
69,F:\KINYO\K7素材汇总\1月份\1.8\1月8日-K7-YL-混剪(2).mp4,..\Processed_Data\K7VideoProcessed\audio_full\7592938859203821619_1月8日-K7-YL-混剪(2).mp4.m4a,audio_full,ok,
70,F:\KINYO\K7素材汇总\1月份\1.8\1月8日-K7-YL-混剪(3).mp4,..\Processed_Data\K7VideoProcessed\video_full\7592938862029324339_1月8日-K7-YL-混剪(3).mp4_full.mp4,video_full,ok,transcode
70,F:\KINYO\K7素材汇总\1月份\1.8\1月8日-K7-YL-混剪(3).mp4,..\Processed_Data\K7VideoProcessed\video_15s\7592938862029324339_1月8日-K7-YL-混剪(3).mp4_15s.mp4,clip15s,ok,
70,F:\KINYO\K7素材汇总\1月份\1.8\1月8日-K7-YL-混剪(3).mp4,..\Processed_Data\K7VideoProcessed\audio_full\7592938862029324339_1月8日-K7-YL-混剪(3).mp4.m4a,audio_full,ok,
71,F:\KINYO\K7素材汇总\1月份\1.8\1月8日-K7-YL-混剪(6).mp4,..\Processed_Data\K7VideoProcessed\video_full\7592938867022692390_1月8日-K7-YL-混剪(6).mp4_full.mp4,video_full,ok,transcode
71,F:\KINYO\K7素材汇总\1月份\1.8\1月8日-K7-YL-混剪(6).mp4,..\Processed_Data\K7VideoProcessed\video_15s\7592938867022692390_1月8日-K7-YL-混剪(6).mp4_15s.mp4,clip15s,ok,
71,F:\KINYO\K7素材汇总\1月份\1.8\1月8日-K7-YL-混剪(6).mp4,..\Processed_Data\K7VideoProcessed\audio_full\7592938867022692390_1月8日-K7-YL-混剪(6).mp4.m4a,audio_full,ok,
72,F:\KINYO\K7素材汇总\1月份\1.8\1月8日-K7-YL-混剪(5).mp4,..\Processed_Data\K7VideoProcessed\video_full\7592938891599085614_1月8日-K7-YL-混剪(5).mp4_full.mp4,video_full,ok,transcode
72,F:\KINYO\K7素材汇总\1月份\1.8\1月8日-K7-YL-混剪(5).mp4,..\Processed_Data\K7VideoProcessed\video_15s\7592938891599085614_1月8日-K7-YL-混剪(5).mp4_15s.mp4,clip15s,ok,
72,F:\KINYO\K7素材汇总\1月份\1.8\1月8日-K7-YL-混剪(5).mp4,..\Processed_Data\K7VideoProcessed\audio_full\7592938891599085614_1月8日-K7-YL-混剪(5).mp4.m4a,audio_full,ok,
73,F:\KINYO\K7素材汇总\1月份\1.8\1月8日-K7-CM-混剪- (6).mp4,..\Processed_Data\K7VideoProcessed\video_full\7592962242825748518_1月8日-K7-CM-混剪- (6).mp4_full.mp4,video_full,ok,transcode
73,F:\KINYO\K7素材汇总\1月份\1.8\1月8日-K7-CM-混剪- (6).mp4,..\Processed_Data\K7VideoProcessed\video_15s\7592962242825748518_1月8日-K7-CM-混剪- (6).mp4_15s.mp4,clip15s,ok,
73,F:\KINYO\K7素材汇总\1月份\1.8\1月8日-K7-CM-混剪- (6).mp4,..\Processed_Data\K7VideoProcessed\audio_full\7592962242825748518_1月8日-K7-CM-混剪- (6).mp4.m4a,audio_full,ok,
74,F:\KINYO\K7素材汇总\1月份\1.8\1月8日-K7-CM-混剪- (1).mp4,..\Processed_Data\K7VideoProcessed\video_full\7592962280485715978_1月8日-K7-CM-混剪- (1).mp4_full.mp4,video_full,ok,transcode
74,F:\KINYO\K7素材汇总\1月份\1.8\1月8日-K7-CM-混剪- (1).mp4,..\Processed_Data\K7VideoProcessed\video_15s\7592962280485715978_1月8日-K7-CM-混剪- (1).mp4_15s.mp4,clip15s,ok,
74,F:\KINYO\K7素材汇总\1月份\1.8\1月8日-K7-CM-混剪- (1).mp4,..\Processed_Data\K7VideoProcessed\audio_full\7592962280485715978_1月8日-K7-CM-混剪- (1).mp4.m4a,audio_full,ok,
75,F:\KINYO\K7素材汇总\1月份\1.8\1月8日-K7-CM-混剪- (5).mp4,..\Processed_Data\K7VideoProcessed\video_full\7592962282583638026_1月8日-K7-CM-混剪- (5).mp4_full.mp4,video_full,ok,transcode
75,F:\KINYO\K7素材汇总\1月份\1.8\1月8日-K7-CM-混剪- (5).mp4,..\Processed_Data\K7VideoProcessed\video_15s\7592962282583638026_1月8日-K7-CM-混剪- (5).mp4_15s.mp4,clip15s,ok,
75,F:\KINYO\K7素材汇总\1月份\1.8\1月8日-K7-CM-混剪- (5).mp4,..\Processed_Data\K7VideoProcessed\audio_full\7592962282583638026_1月8日-K7-CM-混剪- (5).mp4.m4a,audio_full,ok,
76,F:\KINYO\K7素材汇总\1月份\1.9\1月9日-K7-YL-混剪(3).mp4,..\Processed_Data\K7VideoProcessed\video_full\7593311230407000083_1月9日-K7-YL-混剪(3).mp4_full.mp4,video_full,ok,transcode
76,F:\KINYO\K7素材汇总\1月份\1.9\1月9日-K7-YL-混剪(3).mp4,..\Processed_Data\K7VideoProcessed\video_15s\7593311230407000083_1月9日-K7-YL-混剪(3).mp4_15s.mp4,clip15s,ok,
76,F:\KINYO\K7素材汇总\1月份\1.9\1月9日-K7-YL-混剪(3).mp4,..\Processed_Data\K7VideoProcessed\audio_full\7593311230407000083_1月9日-K7-YL-混剪(3).mp4.m4a,audio_full,ok,
77,F:\KINYO\K7素材汇总\1月份\1.9\1月9日-K7-YL-混剪(4).mp4,..\Processed_Data\K7VideoProcessed\video_full\7593311233900593206_1月9日-K7-YL-混剪(4).mp4_full.mp4,video_full,ok,transcode
77,F:\KINYO\K7素材汇总\1月份\1.9\1月9日-K7-YL-混剪(4).mp4,..\Processed_Data\K7VideoProcessed\video_15s\7593311233900593206_1月9日-K7-YL-混剪(4).mp4_15s.mp4,clip15s,ok,
77,F:\KINYO\K7素材汇总\1月份\1.9\1月9日-K7-YL-混剪(4).mp4,..\Processed_Data\K7VideoProcessed\audio_full\7593311233900593206_1月9日-K7-YL-混剪(4).mp4.m4a,audio_full,ok,
78,F:\KINYO\K7素材汇总\1月份\1.9\1月9日-K7-YL-混剪(2).mp4,..\Processed_Data\K7VideoProcessed\video_full\7593311252995670079_1月9日-K7-YL-混剪(2).mp4_full.mp4,video_full,ok,transcode
78,F:\KINYO\K7素材汇总\1月份\1.9\1月9日-K7-YL-混剪(2).mp4,..\Processed_Data\K7VideoProcessed\video_15s\7593311252995670079_1月9日-K7-YL-混剪(2).mp4_15s.mp4,clip15s,ok,
78,F:\KINYO\K7素材汇总\1月份\1.9\1月9日-K7-YL-混剪(2).mp4,..\Processed_Data\K7VideoProcessed\audio_full\7593311252995670079_1月9日-K7-YL-混剪(2).mp4.m4a,audio_full,ok,
79,F:\KINYO\K7素材汇总\1月份\1.9\1月9日-K7-MY- (10)混剪.mp4,..\Processed_Data\K7VideoProcessed\video_full\7593320186835189823_1月9日-K7-MY- (10)混剪.mp4_full.mp4,video_full,ok,transcode
79,F:\KINYO\K7素材汇总\1月份\1.9\1月9日-K7-MY- (10)混剪.mp4,..\Processed_Data\K7VideoProcessed\video_15s\7593320186835189823_1月9日-K7-MY- (10)混剪.mp4_15s.mp4,clip15s,ok,
79,F:\KINYO\K7素材汇总\1月份\1.9\1月9日-K7-MY- (10)混剪.mp4,..\Processed_Data\K7VideoProcessed\audio_full\7593320186835189823_1月9日-K7-MY- (10)混剪.mp4.m4a,audio_full,ok,
80,F:\KINYO\K7素材汇总\1月份\1.9\1月9日-K7-MY- (5)混剪已发.mp4,..\Processed_Data\K7VideoProcessed\video_full\7593320204084903979_1月9日-K7-MY- (5)混剪已发.mp4_full.mp4,video_full,ok,transcode
80,F:\KINYO\K7素材汇总\1月份\1.9\1月9日-K7-MY- (5)混剪已发.mp4,..\Processed_Data\K7VideoProcessed\video_15s\7593320204084903979_1月9日-K7-MY- (5)混剪已发.mp4_15s.mp4,clip15s,ok,
80,F:\KINYO\K7素材汇总\1月份\1.9\1月9日-K7-MY- (5)混剪已发.mp4,..\Processed_Data\K7VideoProcessed\audio_full\7593320204084903979_1月9日-K7-MY- (5)混剪已发.mp4.m4a,audio_full,ok,
82,F:\KINYO\K7素材汇总\1月份\1.10\1月10日-K7-MY-混剪-  (1).mp4,..\Processed_Data\K7VideoProcessed\video_full\7593701461055193138_1月10日-K7-MY-混剪- (1).mp4_full.mp4,video_full,ok,transcode
82,F:\KINYO\K7素材汇总\1月份\1.10\1月10日-K7-MY-混剪-  (1).mp4,..\Processed_Data\K7VideoProcessed\video_15s\7593701461055193138_1月10日-K7-MY-混剪- (1).mp4_15s.mp4,clip15s,ok,
82,F:\KINYO\K7素材汇总\1月份\1.10\1月10日-K7-MY-混剪-  (1).mp4,..\Processed_Data\K7VideoProcessed\audio_full\7593701461055193138_1月10日-K7-MY-混剪- (1).mp4.m4a,audio_full,ok,
81,F:\KINYO\K7素材汇总\1月份\1.10\1月10日-K7-MY-混剪-  (10).mp4,..\Processed_Data\K7VideoProcessed\video_full\7593701454746779686_1月10日-K7-MY-混剪- (10).mp4_full.mp4,video_full,ok,transcode
81,F:\KINYO\K7素材汇总\1月份\1.10\1月10日-K7-MY-混剪-  (10).mp4,..\Processed_Data\K7VideoProcessed\video_15s\7593701454746779686_1月10日-K7-MY-混剪- (10).mp4_15s.mp4,clip15s,ok,
81,F:\KINYO\K7素材汇总\1月份\1.10\1月10日-K7-MY-混剪-  (10).mp4,..\Processed_Data\K7VideoProcessed\audio_full\7593701454746779686_1月10日-K7-MY-混剪- (10).mp4.m4a,audio_full,ok,
83,F:\KINYO\K7素材汇总\1月份\1.10\1月10日-K7-MY-混剪-  (9).mp4,..\Processed_Data\K7VideoProcessed\video_full\7593701482995859502_1月10日-K7-MY-混剪- (9).mp4_full.mp4,video_full,ok,transcode
83,F:\KINYO\K7素材汇总\1月份\1.10\1月10日-K7-MY-混剪-  (9).mp4,..\Processed_Data\K7VideoProcessed\video_15s\7593701482995859502_1月10日-K7-MY-混剪- (9).mp4_15s.mp4,clip15s,ok,
83,F:\KINYO\K7素材汇总\1月份\1.10\1月10日-K7-MY-混剪-  (9).mp4,..\Processed_Data\K7VideoProcessed\audio_full\7593701482995859502_1月10日-K7-MY-混剪- (9).mp4.m4a,audio_full,ok,
84,F:\KINYO\K7素材汇总\1月份\1.10\1月10日-K7-MY-混剪-  (11).mp4,..\Processed_Data\K7VideoProcessed\video_full\7593702018445164586_1月10日-K7-MY-混剪- (11).mp4_full.mp4,video_full,ok,transcode
84,F:\KINYO\K7素材汇总\1月份\1.10\1月10日-K7-MY-混剪-  (11).mp4,..\Processed_Data\K7VideoProcessed\video_15s\7593702018445164586_1月10日-K7-MY-混剪- (11).mp4_15s.mp4,clip15s,ok,
84,F:\KINYO\K7素材汇总\1月份\1.10\1月10日-K7-MY-混剪-  (11).mp4,..\Processed_Data\K7VideoProcessed\audio_full\7593702018445164586_1月10日-K7-MY-混剪- (11).mp4.m4a,audio_full,ok,
85,F:\KINYO\K7素材汇总\1月份\1.13\1月13日-K7-CM混剪- (1).mp4,..\Processed_Data\K7VideoProcessed\video_full\7594068604808560692_1月13日-K7-CM混剪- (1).mp4_full.mp4,video_full,ok,transcode
85,F:\KINYO\K7素材汇总\1月份\1.13\1月13日-K7-CM混剪- (1).mp4,..\Processed_Data\K7VideoProcessed\video_15s\7594068604808560692_1月13日-K7-CM混剪- (1).mp4_15s.mp4,clip15s,ok,
85,F:\KINYO\K7素材汇总\1月份\1.13\1月13日-K7-CM混剪- (1).mp4,..\Processed_Data\K7VideoProcessed\audio_full\7594068604808560692_1月13日-K7-CM混剪- (1).mp4.m4a,audio_full,ok,
86,F:\KINYO\K7素材汇总\1月份\1.11\1月13日-K7-MY- (9)混剪.mp4,..\Processed_Data\K7VideoProcessed\video_full\7594074187410735131_1月13日-K7-MY- (9)混剪.mp4_full.mp4,video_full,ok,transcode
86,F:\KINYO\K7素材汇总\1月份\1.11\1月13日-K7-MY- (9)混剪.mp4,..\Processed_Data\K7VideoProcessed\video_15s\7594074187410735131_1月13日-K7-MY- (9)混剪.mp4_15s.mp4,clip15s,ok,
86,F:\KINYO\K7素材汇总\1月份\1.11\1月13日-K7-MY- (9)混剪.mp4,..\Processed_Data\K7VideoProcessed\audio_full\7594074187410735131_1月13日-K7-MY- (9)混剪.mp4.m4a,audio_full,ok,
87,F:\KINYO\K7素材汇总\1月份\1.11\1月13日-K7-MY- (10)混剪.mp4,..\Processed_Data\K7VideoProcessed\video_full\7594074207699353609_1月13日-K7-MY- (10)混剪.mp4_full.mp4,video_full,ok,transcode
87,F:\KINYO\K7素材汇总\1月份\1.11\1月13日-K7-MY- (10)混剪.mp4,..\Processed_Data\K7VideoProcessed\video_15s\7594074207699353609_1月13日-K7-MY- (10)混剪.mp4_15s.mp4,clip15s,ok,
87,F:\KINYO\K7素材汇总\1月份\1.11\1月13日-K7-MY- (10)混剪.mp4,..\Processed_Data\K7VideoProcessed\audio_full\7594074207699353609_1月13日-K7-MY- (10)混剪.mp4.m4a,audio_full,ok,
89,F:\KINYO\K7素材汇总\1月份\1.12\1月14日-K7-MY-混剪 (6).mp4,..\Processed_Data\K7VideoProcessed\video_full\7594075236742627382_1月14日-K7-MY-混剪 (6).mp4_full.mp4,video_full,ok,transcode
89,F:\KINYO\K7素材汇总\1月份\1.12\1月14日-K7-MY-混剪 (6).mp4,..\Processed_Data\K7VideoProcessed\video_15s\7594075236742627382_1月14日-K7-MY-混剪 (6).mp4_15s.mp4,clip15s,ok,
89,F:\KINYO\K7素材汇总\1月份\1.12\1月14日-K7-MY-混剪 (6).mp4,..\Processed_Data\K7VideoProcessed\audio_full\7594075236742627382_1月14日-K7-MY-混剪 (6).mp4.m4a,audio_full,ok,
88,F:\KINYO\K7素材汇总\1月份\1.12\1月14日-K7-MY-混剪 (2).mp4,..\Processed_Data\K7VideoProcessed\video_full\7594075236495638570_1月14日-K7-MY-混剪 (2).mp4_full.mp4,video_full,ok,transcode
88,F:\KINYO\K7素材汇总\1月份\1.12\1月14日-K7-MY-混剪 (2).mp4,..\Processed_Data\K7VideoProcessed\video_15s\7594075236495638570_1月14日-K7-MY-混剪 (2).mp4_15s.mp4,clip15s,ok,
88,F:\KINYO\K7素材汇总\1月份\1.12\1月14日-K7-MY-混剪 (2).mp4,..\Processed_Data\K7VideoProcessed\audio_full\7594075236495638570_1月14日-K7-MY-混剪 (2).mp4.m4a,audio_full,ok,
90,F:\KINYO\K7素材汇总\1月份\1.12\1月14日-K7-MY-混剪 (1).mp4,..\Processed_Data\K7VideoProcessed\video_full\7594075255922589739_1月14日-K7-MY-混剪 (1).mp4_full.mp4,video_full,ok,transcode
90,F:\KINYO\K7素材汇总\1月份\1.12\1月14日-K7-MY-混剪 (1).mp4,..\Processed_Data\K7VideoProcessed\video_15s\7594075255922589739_1月14日-K7-MY-混剪 (1).mp4_15s.mp4,clip15s,ok,
90,F:\KINYO\K7素材汇总\1月份\1.12\1月14日-K7-MY-混剪 (1).mp4,..\Processed_Data\K7VideoProcessed\audio_full\7594075255922589739_1月14日-K7-MY-混剪 (1).mp4.m4a,audio_full,ok,
91,F:\KINYO\K7素材汇总\1月份\1.12\1月14日-K7-MY-混剪 (5).mp4,..\Processed_Data\K7VideoProcessed\video_full\7594075263437717545_1月14日-K7-MY-混剪 (5).mp4_full.mp4,video_full,ok,transcode
91,F:\KINYO\K7素材汇总\1月份\1.12\1月14日-K7-MY-混剪 (5).mp4,..\Processed_Data\K7VideoProcessed\video_15s\7594075263437717545_1月14日-K7-MY-混剪 (5).mp4_15s.mp4,clip15s,ok,
91,F:\KINYO\K7素材汇总\1月份\1.12\1月14日-K7-MY-混剪 (5).mp4,..\Processed_Data\K7VideoProcessed\audio_full\7594075263437717545_1月14日-K7-MY-混剪 (5).mp4.m4a,audio_full,ok,
92,F:\KINYO\K7素材汇总\1月份\1.13\1月15日-K7-MY- 混剪 (3).mp4,..\Processed_Data\K7VideoProcessed\video_full\7594076223427428358_1月15日-K7-MY- 混剪 (3).mp4_full.mp4,video_full,ok,transcode
92,F:\KINYO\K7素材汇总\1月份\1.13\1月15日-K7-MY- 混剪 (3).mp4,..\Processed_Data\K7VideoProcessed\video_15s\7594076223427428358_1月15日-K7-MY- 混剪 (3).mp4_15s.mp4,clip15s,ok,
92,F:\KINYO\K7素材汇总\1月份\1.13\1月15日-K7-MY- 混剪 (3).mp4,..\Processed_Data\K7VideoProcessed\audio_full\7594076223427428358_1月15日-K7-MY- 混剪 (3).mp4.m4a,audio_full,ok,
93,F:\KINYO\K7素材汇总\1月份\1.13\1月15日-K7-MY- 混剪 (4).mp4,..\Processed_Data\K7VideoProcessed\video_full\7594076240170041363_1月15日-K7-MY- 混剪 (4).mp4_full.mp4,video_full,ok,transcode
93,F:\KINYO\K7素材汇总\1月份\1.13\1月15日-K7-MY- 混剪 (4).mp4,..\Processed_Data\K7VideoProcessed\video_15s\7594076240170041363_1月15日-K7-MY- 混剪 (4).mp4_15s.mp4,clip15s,ok,
93,F:\KINYO\K7素材汇总\1月份\1.13\1月15日-K7-MY- 混剪 (4).mp4,..\Processed_Data\K7VideoProcessed\audio_full\7594076240170041363_1月15日-K7-MY- 混剪 (4).mp4.m4a,audio_full,ok,
94,F:\KINYO\K7素材汇总\1月份\1.13\1月15日-K7-MY- 混剪 (1).mp4,..\Processed_Data\K7VideoProcessed\video_full\7594076259149791251_1月15日-K7-MY- 混剪 (1).mp4_full.mp4,video_full,ok,transcode
94,F:\KINYO\K7素材汇总\1月份\1.13\1月15日-K7-MY- 混剪 (1).mp4,..\Processed_Data\K7VideoProcessed\video_15s\7594076259149791251_1月15日-K7-MY- 混剪 (1).mp4_15s.mp4,clip15s,ok,
94,F:\KINYO\K7素材汇总\1月份\1.13\1月15日-K7-MY- 混剪 (1).mp4,..\Processed_Data\K7VideoProcessed\audio_full\7594076259149791251_1月15日-K7-MY- 混剪 (1).mp4.m4a,audio_full,ok,
95,F:\KINYO\K7素材汇总\1月份\1.11\1月11日-K7-CM-混剪- (2).mp4,..\Processed_Data\K7VideoProcessed\video_full\7594079590093865003_1月11日-K7-CM-混剪- (2).mp4_full.mp4,video_full,ok,transcode
95,F:\KINYO\K7素材汇总\1月份\1.11\1月11日-K7-CM-混剪- (2).mp4,..\Processed_Data\K7VideoProcessed\video_15s\7594079590093865003_1月11日-K7-CM-混剪- (2).mp4_15s.mp4,clip15s,ok,
95,F:\KINYO\K7素材汇总\1月份\1.11\1月11日-K7-CM-混剪- (2).mp4,..\Processed_Data\K7VideoProcessed\audio_full\7594079590093865003_1月11日-K7-CM-混剪- (2).mp4.m4a,audio_full,ok,
97,F:\KINYO\K7素材汇总\1月份\1.12\1月12日-K7-CM混剪- (5).mp4,..\Processed_Data\K7VideoProcessed\video_full\7594278219168530441_1月12日-K7-CM混剪- (5).mp4_full.mp4,video_full,ok,transcode
97,F:\KINYO\K7素材汇总\1月份\1.12\1月12日-K7-CM混剪- (5).mp4,..\Processed_Data\K7VideoProcessed\video_15s\7594278219168530441_1月12日-K7-CM混剪- (5).mp4_15s.mp4,clip15s,ok,
97,F:\KINYO\K7素材汇总\1月份\1.12\1月12日-K7-CM混剪- (5).mp4,..\Processed_Data\K7VideoProcessed\audio_full\7594278219168530441_1月12日-K7-CM混剪- (5).mp4.m4a,audio_full,ok,
96,F:\KINYO\K7素材汇总\1月份\1.12\1月12日-K7-CM混剪- (10).mp4,..\Processed_Data\K7VideoProcessed\video_full\7594278206615519259_1月12日-K7-CM混剪- (10).mp4_full.mp4,video_full,ok,transcode
96,F:\KINYO\K7素材汇总\1月份\1.12\1月12日-K7-CM混剪- (10).mp4,..\Processed_Data\K7VideoProcessed\video_15s\7594278206615519259_1月12日-K7-CM混剪- (10).mp4_15s.mp4,clip15s,ok,
96,F:\KINYO\K7素材汇总\1月份\1.12\1月12日-K7-CM混剪- (10).mp4,..\Processed_Data\K7VideoProcessed\audio_full\7594278206615519259_1月12日-K7-CM混剪- (10).mp4.m4a,audio_full,ok,
99,F:\KINYO\K7素材汇总\1月份\1.14\1月14日-K7-YL-混剪(2).mp4,..\Processed_Data\K7VideoProcessed\video_full\7595161102398668819_1月14日-K7-YL-混剪(2).mp4_full.mp4,video_full,ok,transcode
99,F:\KINYO\K7素材汇总\1月份\1.14\1月14日-K7-YL-混剪(2).mp4,..\Processed_Data\K7VideoProcessed\video_15s\7595161102398668819_1月14日-K7-YL-混剪(2).mp4_15s.mp4,clip15s,ok,
99,F:\KINYO\K7素材汇总\1月份\1.14\1月14日-K7-YL-混剪(2).mp4,..\Processed_Data\K7VideoProcessed\audio_full\7595161102398668819_1月14日-K7-YL-混剪(2).mp4.m4a,audio_full,ok,
98,F:\KINYO\K7素材汇总\1月份\1.14\1月14日-K7-YL-混剪(1).mp4,..\Processed_Data\K7VideoProcessed\video_full\7595161086967726086_1月14日-K7-YL-混剪(1).mp4_full.mp4,video_full,ok,transcode
98,F:\KINYO\K7素材汇总\1月份\1.14\1月14日-K7-YL-混剪(1).mp4,..\Processed_Data\K7VideoProcessed\video_15s\7595161086967726086_1月14日-K7-YL-混剪(1).mp4_15s.mp4,clip15s,ok,
98,F:\KINYO\K7素材汇总\1月份\1.14\1月14日-K7-YL-混剪(1).mp4,..\Processed_Data\K7VideoProcessed\audio_full\7595161086967726086_1月14日-K7-YL-混剪(1).mp4.m4a,audio_full,ok,
101,F:\KINYO\K7素材汇总\1月份\1.14\1月14日-K7-YL-混剪(6).mp4,..\Processed_Data\K7VideoProcessed\video_full\7595161142652256291_1月14日-K7-YL-混剪(6).mp4_full.mp4,video_full,ok,transcode
101,F:\KINYO\K7素材汇总\1月份\1.14\1月14日-K7-YL-混剪(6).mp4,..\Processed_Data\K7VideoProcessed\video_15s\7595161142652256291_1月14日-K7-YL-混剪(6).mp4_15s.mp4,clip15s,ok,
101,F:\KINYO\K7素材汇总\1月份\1.14\1月14日-K7-YL-混剪(6).mp4,..\Processed_Data\K7VideoProcessed\audio_full\7595161142652256291_1月14日-K7-YL-混剪(6).mp4.m4a,audio_full,ok,
100,F:\KINYO\K7素材汇总\1月份\1.14\1月14日-K7-YL-混剪(8).mp4,..\Processed_Data\K7VideoProcessed\video_full\7595161111016669227_1月14日-K7-YL-混剪(8).mp4_full.mp4,video_full,ok,transcode
100,F:\KINYO\K7素材汇总\1月份\1.14\1月14日-K7-YL-混剪(8).mp4,..\Processed_Data\K7VideoProcessed\video_15s\7595161111016669227_1月14日-K7-YL-混剪(8).mp4_15s.mp4,clip15s,ok,
100,F:\KINYO\K7素材汇总\1月份\1.14\1月14日-K7-YL-混剪(8).mp4,..\Processed_Data\K7VideoProcessed\audio_full\7595161111016669227_1月14日-K7-YL-混剪(8).mp4.m4a,audio_full,ok,
102,F:\KINYO\K7素材汇总\1月份\1.14\1月14日-K7-MY- 混剪.mp4 (5).mp4,..\Processed_Data\K7VideoProcessed\video_full\7595189897502507050_1月14日-K7-MY- 混剪.mp4 (5).mp4_full.mp4,video_full,ok,transcode
102,F:\KINYO\K7素材汇总\1月份\1.14\1月14日-K7-MY- 混剪.mp4 (5).mp4,..\Processed_Data\K7VideoProcessed\video_15s\7595189897502507050_1月14日-K7-MY- 混剪.mp4 (5).mp4_15s.mp4,clip15s,ok,
102,F:\KINYO\K7素材汇总\1月份\1.14\1月14日-K7-MY- 混剪.mp4 (5).mp4,..\Processed_Data\K7VideoProcessed\audio_full\7595189897502507050_1月14日-K7-MY- 混剪.mp4 (5).mp4.m4a,audio_full,ok,
103,F:\KINYO\K7素材汇总\1月份\1.14\1月14日-K7-MY- 混剪.mp4 (4).mp4,..\Processed_Data\K7VideoProcessed\video_full\7595189897955557418_1月14日-K7-MY- 混剪.mp4 (4).mp4_full.mp4,video_full,ok,transcode
103,F:\KINYO\K7素材汇总\1月份\1.14\1月14日-K7-MY- 混剪.mp4 (4).mp4,..\Processed_Data\K7VideoProcessed\video_15s\7595189897955557418_1月14日-K7-MY- 混剪.mp4 (4).mp4_15s.mp4,clip15s,ok,
103,F:\KINYO\K7素材汇总\1月份\1.14\1月14日-K7-MY- 混剪.mp4 (4).mp4,..\Processed_Data\K7VideoProcessed\audio_full\7595189897955557418_1月14日-K7-MY- 混剪.mp4 (4).mp4.m4a,audio_full,ok,
104,F:\KINYO\K7素材汇总\1月份\1.15\1月15日-K7-YL-混剪(2).mp4,..\Processed_Data\K7VideoProcessed\video_full\7595542379304648746_1月15日-K7-YL-混剪(2).mp4_full.mp4,video_full,ok,transcode
104,F:\KINYO\K7素材汇总\1月份\1.15\1月15日-K7-YL-混剪(2).mp4,..\Processed_Data\K7VideoProcessed\video_15s\7595542379304648746_1月15日-K7-YL-混剪(2).mp4_15s.mp4,clip15s,ok,
104,F:\KINYO\K7素材汇总\1月份\1.15\1月15日-K7-YL-混剪(2).mp4,..\Processed_Data\K7VideoProcessed\audio_full\7595542379304648746_1月15日-K7-YL-混剪(2).mp4.m4a,audio_full,ok,
105,F:\KINYO\K7素材汇总\1月份\1.15\1月15日-K7-YL-混剪(3).mp4,..\Processed_Data\K7VideoProcessed\video_full\7595542396417540102_1月15日-K7-YL-混剪(3).mp4_full.mp4,video_full,ok,transcode
105,F:\KINYO\K7素材汇总\1月份\1.15\1月15日-K7-YL-混剪(3).mp4,..\Processed_Data\K7VideoProcessed\video_15s\7595542396417540102_1月15日-K7-YL-混剪(3).mp4_15s.mp4,clip15s,ok,
105,F:\KINYO\K7素材汇总\1月份\1.15\1月15日-K7-YL-混剪(3).mp4,..\Processed_Data\K7VideoProcessed\audio_full\7595542396417540102_1月15日-K7-YL-混剪(3).mp4.m4a,audio_full,ok,
106,F:\KINYO\K7素材汇总\1月份\1.15\1月15日-K7-CM-混剪- (5).mp4,..\Processed_Data\K7VideoProcessed\video_full\7595550067751731250_1月15日-K7-CM-混剪- (5).mp4_full.mp4,video_full,ok,transcode
106,F:\KINYO\K7素材汇总\1月份\1.15\1月15日-K7-CM-混剪- (5).mp4,..\Processed_Data\K7VideoProcessed\video_15s\7595550067751731250_1月15日-K7-CM-混剪- (5).mp4_15s.mp4,clip15s,ok,
106,F:\KINYO\K7素材汇总\1月份\1.15\1月15日-K7-CM-混剪- (5).mp4,..\Processed_Data\K7VideoProcessed\audio_full\7595550067751731250_1月15日-K7-CM-混剪- (5).mp4.m4a,audio_full,ok,
107,F:\KINYO\K7素材汇总\1月份\1.15\1月15日-K7-MY-混剪 (4).mp4,..\Processed_Data\K7VideoProcessed\video_full\7595580740723228681_1月15日-K7-MY-混剪 (4).mp4_full.mp4,video_full,ok,transcode
107,F:\KINYO\K7素材汇总\1月份\1.15\1月15日-K7-MY-混剪 (4).mp4,..\Processed_Data\K7VideoProcessed\video_15s\7595580740723228681_1月15日-K7-MY-混剪 (4).mp4_15s.mp4,clip15s,ok,
107,F:\KINYO\K7素材汇总\1月份\1.15\1月15日-K7-MY-混剪 (4).mp4,..\Processed_Data\K7VideoProcessed\audio_full\7595580740723228681_1月15日-K7-MY-混剪 (4).mp4.m4a,audio_full,ok,
108,F:\KINYO\K7素材汇总\1月份\1.15\1月15日-K7-MY-混剪 (6).mp4,..\Processed_Data\K7VideoProcessed\video_full\7595581190721404970_1月15日-K7-MY-混剪 (6).mp4_full.mp4,video_full,ok,transcode
108,F:\KINYO\K7素材汇总\1月份\1.15\1月15日-K7-MY-混剪 (6).mp4,..\Processed_Data\K7VideoProcessed\video_15s\7595581190721404970_1月15日-K7-MY-混剪 (6).mp4_15s.mp4,clip15s,ok,
108,F:\KINYO\K7素材汇总\1月份\1.15\1月15日-K7-MY-混剪 (6).mp4,..\Processed_Data\K7VideoProcessed\audio_full\7595581190721404970_1月15日-K7-MY-混剪 (6).mp4.m4a,audio_full,ok,
110,F:\KINYO\K7素材汇总\1月份\1.16\1月16日-K7-YL-混剪(4).mp4,..\Processed_Data\K7VideoProcessed\video_full\7595911819053105178_1月16日-K7-YL-混剪(4).mp4_full.mp4,video_full,ok,transcode
110,F:\KINYO\K7素材汇总\1月份\1.16\1月16日-K7-YL-混剪(4).mp4,..\Processed_Data\K7VideoProcessed\video_15s\7595911819053105178_1月16日-K7-YL-混剪(4).mp4_15s.mp4,clip15s,ok,
110,F:\KINYO\K7素材汇总\1月份\1.16\1月16日-K7-YL-混剪(4).mp4,..\Processed_Data\K7VideoProcessed\audio_full\7595911819053105178_1月16日-K7-YL-混剪(4).mp4.m4a,audio_full,ok,
109,F:\KINYO\K7素材汇总\1月份\1.15\1月15日-K7-MY-混剪 (5).mp4,..\Processed_Data\K7VideoProcessed\video_full\7595581212347121700_1月15日-K7-MY-混剪 (5).mp4_full.mp4,video_full,ok,transcode
109,F:\KINYO\K7素材汇总\1月份\1.15\1月15日-K7-MY-混剪 (5).mp4,..\Processed_Data\K7VideoProcessed\video_15s\7595581212347121700_1月15日-K7-MY-混剪 (5).mp4_15s.mp4,clip15s,ok,
109,F:\KINYO\K7素材汇总\1月份\1.15\1月15日-K7-MY-混剪 (5).mp4,..\Processed_Data\K7VideoProcessed\audio_full\7595581212347121700_1月15日-K7-MY-混剪 (5).mp4.m4a,audio_full,ok,
111,F:\KINYO\K7素材汇总\1月份\1.16\1月16日-K7-MY-混剪- (1).mp4,..\Processed_Data\K7VideoProcessed\video_full\7595950522347421738_1月16日-K7-MY-混剪- (1).mp4_full.mp4,video_full,ok,transcode
111,F:\KINYO\K7素材汇总\1月份\1.16\1月16日-K7-MY-混剪- (1).mp4,..\Processed_Data\K7VideoProcessed\video_15s\7595950522347421738_1月16日-K7-MY-混剪- (1).mp4_15s.mp4,clip15s,ok,
111,F:\KINYO\K7素材汇总\1月份\1.16\1月16日-K7-MY-混剪- (1).mp4,..\Processed_Data\K7VideoProcessed\audio_full\7595950522347421738_1月16日-K7-MY-混剪- (1).mp4.m4a,audio_full,ok,
112,F:\KINYO\K7素材汇总\1月份\1.16\1月16日-K7-MY-混剪- (12).mp4,..\Processed_Data\K7VideoProcessed\video_full\7595951815557971977_1月16日-K7-MY-混剪- (12).mp4_full.mp4,video_full,ok,transcode
112,F:\KINYO\K7素材汇总\1月份\1.16\1月16日-K7-MY-混剪- (12).mp4,..\Processed_Data\K7VideoProcessed\video_15s\7595951815557971977_1月16日-K7-MY-混剪- (12).mp4_15s.mp4,clip15s,ok,
112,F:\KINYO\K7素材汇总\1月份\1.16\1月16日-K7-MY-混剪- (12).mp4,..\Processed_Data\K7VideoProcessed\audio_full\7595951815557971977_1月16日-K7-MY-混剪- (12).mp4.m4a,audio_full,ok,
113,F:\KINYO\K7素材汇总\1月份\1.17\1月17日-K7-MY- (9)混剪.mp4,..\Processed_Data\K7VideoProcessed\video_full\7596298124902580275_1月17日-K7-MY- (9)混剪.mp4_full.mp4,video_full,ok,transcode
113,F:\KINYO\K7素材汇总\1月份\1.17\1月17日-K7-MY- (9)混剪.mp4,..\Processed_Data\K7VideoProcessed\video_15s\7596298124902580275_1月17日-K7-MY- (9)混剪.mp4_15s.mp4,clip15s,ok,
113,F:\KINYO\K7素材汇总\1月份\1.17\1月17日-K7-MY- (9)混剪.mp4,..\Processed_Data\K7VideoProcessed\audio_full\7596298124902580275_1月17日-K7-MY- (9)混剪.mp4.m4a,audio_full,ok,
114,F:\KINYO\K7素材汇总\1月份\1.17\1月17日-K7-CM-混剪- (2).mp4,..\Processed_Data\K7VideoProcessed\video_full\7596302868324990986_1月17日-K7-CM-混剪- (2).mp4_full.mp4,video_full,ok,transcode
114,F:\KINYO\K7素材汇总\1月份\1.17\1月17日-K7-CM-混剪- (2).mp4,..\Processed_Data\K7VideoProcessed\video_15s\7596302868324990986_1月17日-K7-CM-混剪- (2).mp4_15s.mp4,clip15s,ok,
114,F:\KINYO\K7素材汇总\1月份\1.17\1月17日-K7-CM-混剪- (2).mp4,..\Processed_Data\K7VideoProcessed\audio_full\7596302868324990986_1月17日-K7-CM-混剪- (2).mp4.m4a,audio_full,ok,
115,F:\KINYO\K7素材汇总\1月份\1.17\1月17日-K7-CM-混剪- (9).mp4,..\Processed_Data\K7VideoProcessed\video_full\7596302993484431375_1月17日-K7-CM-混剪- (9).mp4_full.mp4,video_full,ok,transcode
115,F:\KINYO\K7素材汇总\1月份\1.17\1月17日-K7-CM-混剪- (9).mp4,..\Processed_Data\K7VideoProcessed\video_15s\7596302993484431375_1月17日-K7-CM-混剪- (9).mp4_15s.mp4,clip15s,ok,
115,F:\KINYO\K7素材汇总\1月份\1.17\1月17日-K7-CM-混剪- (9).mp4,..\Processed_Data\K7VideoProcessed\audio_full\7596302993484431375_1月17日-K7-CM-混剪- (9).mp4.m4a,audio_full,ok,
118,F:\KINYO\K7素材汇总\1月份\1.20\1月20日-K7-MY- (6)已发.mp4,..\Processed_Data\K7VideoProcessed\video_full\7597411996900163647_1月20日-K7-MY- (6)已发.mp4_full.mp4,video_full,ok,transcode
118,F:\KINYO\K7素材汇总\1月份\1.20\1月20日-K7-MY- (6)已发.mp4,..\Processed_Data\K7VideoProcessed\video_15s\7597411996900163647_1月20日-K7-MY- (6)已发.mp4_15s.mp4,clip15s,ok,
118,F:\KINYO\K7素材汇总\1月份\1.20\1月20日-K7-MY- (6)已发.mp4,..\Processed_Data\K7VideoProcessed\audio_full\7597411996900163647_1月20日-K7-MY- (6)已发.mp4.m4a,audio_full,ok,
116,F:\KINYO\K7素材汇总\1月份\1.18\1月18日-K7-MY-混剪-  (9).mp4,..\Processed_Data\K7VideoProcessed\video_full\7596668316988325914_1月18日-K7-MY-混剪- (9).mp4_full.mp4,video_full,ok,transcode
116,F:\KINYO\K7素材汇总\1月份\1.18\1月18日-K7-MY-混剪-  (9).mp4,..\Processed_Data\K7VideoProcessed\video_15s\7596668316988325914_1月18日-K7-MY-混剪- (9).mp4_15s.mp4,clip15s,ok,
116,F:\KINYO\K7素材汇总\1月份\1.18\1月18日-K7-MY-混剪-  (9).mp4,..\Processed_Data\K7VideoProcessed\audio_full\7596668316988325914_1月18日-K7-MY-混剪- (9).mp4.m4a,audio_full,ok,
117,F:\KINYO\K7素材汇总\1月份\1.18\1月18日-K7-MY-混剪-  (12).mp4,..\Processed_Data\K7VideoProcessed\video_full\7596669054046273572_1月18日-K7-MY-混剪- (12).mp4_full.mp4,video_full,ok,transcode
117,F:\KINYO\K7素材汇总\1月份\1.18\1月18日-K7-MY-混剪-  (12).mp4,..\Processed_Data\K7VideoProcessed\video_15s\7596669054046273572_1月18日-K7-MY-混剪- (12).mp4_15s.mp4,clip15s,ok,
117,F:\KINYO\K7素材汇总\1月份\1.18\1月18日-K7-MY-混剪-  (12).mp4,..\Processed_Data\K7VideoProcessed\audio_full\7596669054046273572_1月18日-K7-MY-混剪- (12).mp4.m4a,audio_full,ok,
119,F:\KINYO\K7素材汇总\1月份\1.21\1月21日-K7-YL-混剪(1).mp4,..\Processed_Data\K7VideoProcessed\video_full\7597759125851291674_1月21日-K7-YL-混剪(1).mp4_full.mp4,video_full,ok,transcode
119,F:\KINYO\K7素材汇总\1月份\1.21\1月21日-K7-YL-混剪(1).mp4,..\Processed_Data\K7VideoProcessed\video_15s\7597759125851291674_1月21日-K7-YL-混剪(1).mp4_15s.mp4,clip15s,ok,
119,F:\KINYO\K7素材汇总\1月份\1.21\1月21日-K7-YL-混剪(1).mp4,..\Processed_Data\K7VideoProcessed\audio_full\7597759125851291674_1月21日-K7-YL-混剪(1).mp4.m4a,audio_full,ok,
120,F:\KINYO\K7素材汇总\1月份\1.21\1月21日-K7-YL-混剪(4).mp4,..\Processed_Data\K7VideoProcessed\video_full\7597759147849842739_1月21日-K7-YL-混剪(4).mp4_full.mp4,video_full,ok,transcode
120,F:\KINYO\K7素材汇总\1月份\1.21\1月21日-K7-YL-混剪(4).mp4,..\Processed_Data\K7VideoProcessed\video_15s\7597759147849842739_1月21日-K7-YL-混剪(4).mp4_15s.mp4,clip15s,ok,
120,F:\KINYO\K7素材汇总\1月份\1.21\1月21日-K7-YL-混剪(4).mp4,..\Processed_Data\K7VideoProcessed\audio_full\7597759147849842739_1月21日-K7-YL-混剪(4).mp4.m4a,audio_full,ok,
121,F:\KINYO\K7素材汇总\1月份\1.21\1月21日-K7-YL-混剪(5).mp4,..\Processed_Data\K7VideoProcessed\video_full\7597759251209748495_1月21日-K7-YL-混剪(5).mp4_full.mp4,video_full,ok,transcode
121,F:\KINYO\K7素材汇总\1月份\1.21\1月21日-K7-YL-混剪(5).mp4,..\Processed_Data\K7VideoProcessed\video_15s\7597759251209748495_1月21日-K7-YL-混剪(5).mp4_15s.mp4,clip15s,ok,
121,F:\KINYO\K7素材汇总\1月份\1.21\1月21日-K7-YL-混剪(5).mp4,..\Processed_Data\K7VideoProcessed\audio_full\7597759251209748495_1月21日-K7-YL-混剪(5).mp4.m4a,audio_full,ok,
122,F:\KINYO\K7素材汇总\1月份\1.20\1月20日-K7-CM-混剪- (4).mp4,..\Processed_Data\K7VideoProcessed\video_full\7597788068666425398_1月20日-K7-CM-混剪- (4).mp4_full.mp4,video_full,ok,transcode
122,F:\KINYO\K7素材汇总\1月份\1.20\1月20日-K7-CM-混剪- (4).mp4,..\Processed_Data\K7VideoProcessed\video_15s\7597788068666425398_1月20日-K7-CM-混剪- (4).mp4_15s.mp4,clip15s,ok,
122,F:\KINYO\K7素材汇总\1月份\1.20\1月20日-K7-CM-混剪- (4).mp4,..\Processed_Data\K7VideoProcessed\audio_full\7597788068666425398_1月20日-K7-CM-混剪- (4).mp4.m4a,audio_full,ok,
123,F:\KINYO\K7素材汇总\1月份\1.22\1月22日-K7-YL-混剪(2).mp4,..\Processed_Data\K7VideoProcessed\video_full\7598140566690988059_1月22日-K7-YL-混剪(2).mp4_full.mp4,video_full,ok,transcode
123,F:\KINYO\K7素材汇总\1月份\1.22\1月22日-K7-YL-混剪(2).mp4,..\Processed_Data\K7VideoProcessed\video_15s\7598140566690988059_1月22日-K7-YL-混剪(2).mp4_15s.mp4,clip15s,ok,
123,F:\KINYO\K7素材汇总\1月份\1.22\1月22日-K7-YL-混剪(2).mp4,..\Processed_Data\K7VideoProcessed\audio_full\7598140566690988059_1月22日-K7-YL-混剪(2).mp4.m4a,audio_full,ok,
124,F:\KINYO\K7素材汇总\1月份\1.22\1月22日-K7-YL-混剪(4).mp4,..\Processed_Data\K7VideoProcessed\video_full\7598140632592121875_1月22日-K7-YL-混剪(4).mp4_full.mp4,video_full,ok,transcode
124,F:\KINYO\K7素材汇总\1月份\1.22\1月22日-K7-YL-混剪(4).mp4,..\Processed_Data\K7VideoProcessed\video_15s\7598140632592121875_1月22日-K7-YL-混剪(4).mp4_15s.mp4,clip15s,ok,
124,F:\KINYO\K7素材汇总\1月份\1.22\1月22日-K7-YL-混剪(4).mp4,..\Processed_Data\K7VideoProcessed\audio_full\7598140632592121875_1月22日-K7-YL-混剪(4).mp4.m4a,audio_full,ok,
125,F:\KINYO\K7素材汇总\1月份\1.22\1月22日-K7-YL-混剪(1).mp4,..\Processed_Data\K7VideoProcessed\video_full\7598140644361699371_1月22日-K7-YL-混剪(1).mp4_full.mp4,video_full,ok,transcode
125,F:\KINYO\K7素材汇总\1月份\1.22\1月22日-K7-YL-混剪(1).mp4,..\Processed_Data\K7VideoProcessed\video_15s\7598140644361699371_1月22日-K7-YL-混剪(1).mp4_15s.mp4,clip15s,ok,
125,F:\KINYO\K7素材汇总\1月份\1.22\1月22日-K7-YL-混剪(1).mp4,..\Processed_Data\K7VideoProcessed\audio_full\7598140644361699371_1月22日-K7-YL-混剪(1).mp4.m4a,audio_full,ok,
126,F:\KINYO\K7素材汇总\1月份\1.22\1月22日-K7-CM-混剪- (1).mp4,..\Processed_Data\K7VideoProcessed\video_full\7598147011917791274_1月22日-K7-CM-混剪- (1).mp4_full.mp4,video_full,ok,transcode
126,F:\KINYO\K7素材汇总\1月份\1.22\1月22日-K7-CM-混剪- (1).mp4,..\Processed_Data\K7VideoProcessed\video_15s\7598147011917791274_1月22日-K7-CM-混剪- (1).mp4_15s.mp4,clip15s,ok,
126,F:\KINYO\K7素材汇总\1月份\1.22\1月22日-K7-CM-混剪- (1).mp4,..\Processed_Data\K7VideoProcessed\audio_full\7598147011917791274_1月22日-K7-CM-混剪- (1).mp4.m4a,audio_full,ok,
127,F:\KINYO\K7素材汇总\1月份\1.23\1月23日-K7-CM-混剪- (9).mp4,..\Processed_Data\K7VideoProcessed\video_full\7598524018490638372_1月23日-K7-CM-混剪- (9).mp4_full.mp4,video_full,ok,transcode
127,F:\KINYO\K7素材汇总\1月份\1.23\1月23日-K7-CM-混剪- (9).mp4,..\Processed_Data\K7VideoProcessed\video_15s\7598524018490638372_1月23日-K7-CM-混剪- (9).mp4_15s.mp4,clip15s,ok,
127,F:\KINYO\K7素材汇总\1月份\1.23\1月23日-K7-CM-混剪- (9).mp4,..\Processed_Data\K7VideoProcessed\audio_full\7598524018490638372_1月23日-K7-CM-混剪- (9).mp4.m4a,audio_full,ok,
128,F:\KINYO\K7素材汇总\1月份\1.23\1月23日-K7-CM-混剪- (7).mp4,..\Processed_Data\K7VideoProcessed\video_full\7598524050352799763_1月23日-K7-CM-混剪- (7).mp4_full.mp4,video_full,ok,transcode
128,F:\KINYO\K7素材汇总\1月份\1.23\1月23日-K7-CM-混剪- (7).mp4,..\Processed_Data\K7VideoProcessed\video_15s\7598524050352799763_1月23日-K7-CM-混剪- (7).mp4_15s.mp4,clip15s,ok,
128,F:\KINYO\K7素材汇总\1月份\1.23\1月23日-K7-CM-混剪- (7).mp4,..\Processed_Data\K7VideoProcessed\audio_full\7598524050352799763_1月23日-K7-CM-混剪- (7).mp4.m4a,audio_full,ok,
129,F:\KINYO\K7素材汇总\1月份\1.23\1月23日-K7-MY- (8)混剪.mp4,..\Processed_Data\K7VideoProcessed\video_full\7598531607626137650_1月23日-K7-MY- (8)混剪.mp4_full.mp4,video_full,ok,transcode
129,F:\KINYO\K7素材汇总\1月份\1.23\1月23日-K7-MY- (8)混剪.mp4,..\Processed_Data\K7VideoProcessed\video_15s\7598531607626137650_1月23日-K7-MY- (8)混剪.mp4_15s.mp4,clip15s,ok,
129,F:\KINYO\K7素材汇总\1月份\1.23\1月23日-K7-MY- (8)混剪.mp4,..\Processed_Data\K7VideoProcessed\audio_full\7598531607626137650_1月23日-K7-MY- (8)混剪.mp4.m4a,audio_full,ok,
130,F:\KINYO\K7素材汇总\1月份\1.24\1月24日-K7-CM-混剪- (12).mp4,..\Processed_Data\K7VideoProcessed\video_full\7598893909222686730_1月24日-K7-CM-混剪- (12).mp4_full.mp4,video_full,ok,transcode
130,F:\KINYO\K7素材汇总\1月份\1.24\1月24日-K7-CM-混剪- (12).mp4,..\Processed_Data\K7VideoProcessed\video_15s\7598893909222686730_1月24日-K7-CM-混剪- (12).mp4_15s.mp4,clip15s,ok,
130,F:\KINYO\K7素材汇总\1月份\1.24\1月24日-K7-CM-混剪- (12).mp4,..\Processed_Data\K7VideoProcessed\audio_full\7598893909222686730_1月24日-K7-CM-混剪- (12).mp4.m4a,audio_full,ok,
133,F:\KINYO\K7素材汇总\1月份\1.24\1月24日-K7-MY-混剪- (13).mp4,..\Processed_Data\K7VideoProcessed\video_full\7598895351668162569_1月24日-K7-MY-混剪- (13).mp4_full.mp4,video_full,ok,transcode
133,F:\KINYO\K7素材汇总\1月份\1.24\1月24日-K7-MY-混剪- (13).mp4,..\Processed_Data\K7VideoProcessed\video_15s\7598895351668162569_1月24日-K7-MY-混剪- (13).mp4_15s.mp4,clip15s,ok,
133,F:\KINYO\K7素材汇总\1月份\1.24\1月24日-K7-MY-混剪- (13).mp4,..\Processed_Data\K7VideoProcessed\audio_full\7598895351668162569_1月24日-K7-MY-混剪- (13).mp4.m4a,audio_full,ok,
131,F:\KINYO\K7素材汇总\1月份\1.24\1月24日-K7-MY-混剪- (10).mp4,..\Processed_Data\K7VideoProcessed\video_full\7598894047782354953_1月24日-K7-MY-混剪- (10).mp4_full.mp4,video_full,ok,transcode
131,F:\KINYO\K7素材汇总\1月份\1.24\1月24日-K7-MY-混剪- (10).mp4,..\Processed_Data\K7VideoProcessed\video_15s\7598894047782354953_1月24日-K7-MY-混剪- (10).mp4_15s.mp4,clip15s,ok,
131,F:\KINYO\K7素材汇总\1月份\1.24\1月24日-K7-MY-混剪- (10).mp4,..\Processed_Data\K7VideoProcessed\audio_full\7598894047782354953_1月24日-K7-MY-混剪- (10).mp4.m4a,audio_full,ok,
132,F:\KINYO\K7素材汇总\1月份\1.24\1月24日-K7-MY-混剪- (9).mp4,..\Processed_Data\K7VideoProcessed\video_full\7598894054338887730_1月24日-K7-MY-混剪- (9).mp4_full.mp4,video_full,ok,transcode
132,F:\KINYO\K7素材汇总\1月份\1.24\1月24日-K7-MY-混剪- (9).mp4,..\Processed_Data\K7VideoProcessed\video_15s\7598894054338887730_1月24日-K7-MY-混剪- (9).mp4_15s.mp4,clip15s,ok,
132,F:\KINYO\K7素材汇总\1月份\1.24\1月24日-K7-MY-混剪- (9).mp4,..\Processed_Data\K7VideoProcessed\audio_full\7598894054338887730_1月24日-K7-MY-混剪- (9).mp4.m4a,audio_full,ok,
134,F:\KINYO\K7素材汇总\1月份\1.26\1月26日-K7-YL-混剪(2).mp4,..\Processed_Data\K7VideoProcessed\video_full\7599619744779223078_1月26日-K7-YL-混剪(2).mp4_full.mp4,video_full,ok,transcode
134,F:\KINYO\K7素材汇总\1月份\1.26\1月26日-K7-YL-混剪(2).mp4,..\Processed_Data\K7VideoProcessed\video_15s\7599619744779223078_1月26日-K7-YL-混剪(2).mp4_15s.mp4,clip15s,ok,
134,F:\KINYO\K7素材汇总\1月份\1.26\1月26日-K7-YL-混剪(2).mp4,..\Processed_Data\K7VideoProcessed\audio_full\7599619744779223078_1月26日-K7-YL-混剪(2).mp4.m4a,audio_full,ok,
135,F:\KINYO\K7素材汇总\1月份\1.26\1月26日-K7-YL-混剪(4).mp4,..\Processed_Data\K7VideoProcessed\video_full\7599619767999152155_1月26日-K7-YL-混剪(4).mp4_full.mp4,video_full,ok,transcode
135,F:\KINYO\K7素材汇总\1月份\1.26\1月26日-K7-YL-混剪(4).mp4,..\Processed_Data\K7VideoProcessed\video_15s\7599619767999152155_1月26日-K7-YL-混剪(4).mp4_15s.mp4,clip15s,ok,
135,F:\KINYO\K7素材汇总\1月份\1.26\1月26日-K7-YL-混剪(4).mp4,..\Processed_Data\K7VideoProcessed\audio_full\7599619767999152155_1月26日-K7-YL-混剪(4).mp4.m4a,audio_full,ok,
136,F:\KINYO\K7素材汇总\1月份\1.26\1月26日-K7-YL-混剪(6).mp4,..\Processed_Data\K7VideoProcessed\video_full\7599619774851907611_1月26日-K7-YL-混剪(6).mp4_full.mp4,video_full,ok,transcode
136,F:\KINYO\K7素材汇总\1月份\1.26\1月26日-K7-YL-混剪(6).mp4,..\Processed_Data\K7VideoProcessed\video_15s\7599619774851907611_1月26日-K7-YL-混剪(6).mp4_15s.mp4,clip15s,ok,
136,F:\KINYO\K7素材汇总\1月份\1.26\1月26日-K7-YL-混剪(6).mp4,..\Processed_Data\K7VideoProcessed\audio_full\7599619774851907611_1月26日-K7-YL-混剪(6).mp4.m4a,audio_full,ok,
137,F:\KINYO\K7素材汇总\1月份\1.26\1月26日-K7-MY-混剪 (17).mp4,..\Processed_Data\K7VideoProcessed\video_full\7599632657988206642_1月26日-K7-MY-混剪 (17).mp4_full.mp4,video_full,ok,transcode
137,F:\KINYO\K7素材汇总\1月份\1.26\1月26日-K7-MY-混剪 (17).mp4,..\Processed_Data\K7VideoProcessed\video_15s\7599632657988206642_1月26日-K7-MY-混剪 (17).mp4_15s.mp4,clip15s,ok,
137,F:\KINYO\K7素材汇总\1月份\1.26\1月26日-K7-MY-混剪 (17).mp4,..\Processed_Data\K7VideoProcessed\audio_full\7599632657988206642_1月26日-K7-MY-混剪 (17).mp4.m4a,audio_full,ok,
138,F:\KINYO\K7素材汇总\1月份\1.26\1月26日-K7-MY-混剪 (16).mp4,..\Processed_Data\K7VideoProcessed\video_full\7599632687168143369_1月26日-K7-MY-混剪 (16).mp4_full.mp4,video_full,ok,transcode
138,F:\KINYO\K7素材汇总\1月份\1.26\1月26日-K7-MY-混剪 (16).mp4,..\Processed_Data\K7VideoProcessed\video_15s\7599632687168143369_1月26日-K7-MY-混剪 (16).mp4_15s.mp4,clip15s,ok,
138,F:\KINYO\K7素材汇总\1月份\1.26\1月26日-K7-MY-混剪 (16).mp4,..\Processed_Data\K7VideoProcessed\audio_full\7599632687168143369_1月26日-K7-MY-混剪 (16).mp4.m4a,audio_full,ok,
140,F:\KINYO\K7素材汇总\1月份\1.29\1月29日-K7-CM-混剪- (8).mp4,..\Processed_Data\K7VideoProcessed\video_full\7600760578893807667_1月29日-K7-CM-混剪- (8).mp4_full.mp4,video_full,ok,transcode
140,F:\KINYO\K7素材汇总\1月份\1.29\1月29日-K7-CM-混剪- (8).mp4,..\Processed_Data\K7VideoProcessed\video_15s\7600760578893807667_1月29日-K7-CM-混剪- (8).mp4_15s.mp4,clip15s,ok,
140,F:\KINYO\K7素材汇总\1月份\1.29\1月29日-K7-CM-混剪- (8).mp4,..\Processed_Data\K7VideoProcessed\audio_full\7600760578893807667_1月29日-K7-CM-混剪- (8).mp4.m4a,audio_full,ok,
141,F:\KINYO\K7素材汇总\1月份\1.29\1月29日-K7-CM-混剪- (10).mp4,..\Processed_Data\K7VideoProcessed\video_full\7600760589728088114_1月29日-K7-CM-混剪- (10).mp4_full.mp4,video_full,ok,transcode
141,F:\KINYO\K7素材汇总\1月份\1.29\1月29日-K7-CM-混剪- (10).mp4,..\Processed_Data\K7VideoProcessed\video_15s\7600760589728088114_1月29日-K7-CM-混剪- (10).mp4_15s.mp4,clip15s,ok,
141,F:\KINYO\K7素材汇总\1月份\1.29\1月29日-K7-CM-混剪- (10).mp4,..\Processed_Data\K7VideoProcessed\audio_full\7600760589728088114_1月29日-K7-CM-混剪- (10).mp4.m4a,audio_full,ok,
139,F:\KINYO\K7素材汇总\1月份\1.28\1月28日-K7-YL-混剪(6).mp4,..\Processed_Data\K7VideoProcessed\video_full\7600367677266427923_1月28日-K7-YL-混剪(6).mp4_full.mp4,video_full,ok,transcode
139,F:\KINYO\K7素材汇总\1月份\1.28\1月28日-K7-YL-混剪(6).mp4,..\Processed_Data\K7VideoProcessed\video_15s\7600367677266427923_1月28日-K7-YL-混剪(6).mp4_15s.mp4,clip15s,ok,
139,F:\KINYO\K7素材汇总\1月份\1.28\1月28日-K7-YL-混剪(6).mp4,..\Processed_Data\K7VideoProcessed\audio_full\7600367677266427923_1月28日-K7-YL-混剪(6).mp4.m4a,audio_full,ok,
142,F:\KINYO\K7素材汇总\1月份\1.29\1月29日-K7-CM-混剪- (9).mp4,..\Processed_Data\K7VideoProcessed\video_full\7600760595149242409_1月29日-K7-CM-混剪- (9).mp4_full.mp4,video_full,ok,transcode
142,F:\KINYO\K7素材汇总\1月份\1.29\1月29日-K7-CM-混剪- (9).mp4,..\Processed_Data\K7VideoProcessed\video_15s\7600760595149242409_1月29日-K7-CM-混剪- (9).mp4_15s.mp4,clip15s,ok,
142,F:\KINYO\K7素材汇总\1月份\1.29\1月29日-K7-CM-混剪- (9).mp4,..\Processed_Data\K7VideoProcessed\audio_full\7600760595149242409_1月29日-K7-CM-混剪- (9).mp4.m4a,audio_full,ok,
143,F:\KINYO\K7素材汇总\1月份\1.29\1月29日-K7-CM-混剪- (2).mp4,..\Processed_Data\K7VideoProcessed\video_full\7600760614222315526_1月29日-K7-CM-混剪- (2).mp4_full.mp4,video_full,ok,transcode
143,F:\KINYO\K7素材汇总\1月份\1.29\1月29日-K7-CM-混剪- (2).mp4,..\Processed_Data\K7VideoProcessed\video_15s\7600760614222315526_1月29日-K7-CM-混剪- (2).mp4_15s.mp4,clip15s,ok,
143,F:\KINYO\K7素材汇总\1月份\1.29\1月29日-K7-CM-混剪- (2).mp4,..\Processed_Data\K7VideoProcessed\audio_full\7600760614222315526_1月29日-K7-CM-混剪- (2).mp4.m4a,audio_full,ok,
145,F:\KINYO\K7素材汇总\1月份\1.30\1月30日-K7-CM-混剪- (3).mp4,..\Processed_Data\K7VideoProcessed\video_full\7601149530658209846_1月30日-K7-CM-混剪- (3).mp4_full.mp4,video_full,ok,transcode
145,F:\KINYO\K7素材汇总\1月份\1.30\1月30日-K7-CM-混剪- (3).mp4,..\Processed_Data\K7VideoProcessed\video_15s\7601149530658209846_1月30日-K7-CM-混剪- (3).mp4_15s.mp4,clip15s,ok,
145,F:\KINYO\K7素材汇总\1月份\1.30\1月30日-K7-CM-混剪- (3).mp4,..\Processed_Data\K7VideoProcessed\audio_full\7601149530658209846_1月30日-K7-CM-混剪- (3).mp4.m4a,audio_full,ok,
144,F:\KINYO\K7素材汇总\1月份\1.30\1月30日-K7-YL-混剪(1).mp4,..\Processed_Data\K7VideoProcessed\video_full\7601117654277701670_1月30日-K7-YL-混剪(1).mp4_full.mp4,video_full,ok,transcode
144,F:\KINYO\K7素材汇总\1月份\1.30\1月30日-K7-YL-混剪(1).mp4,..\Processed_Data\K7VideoProcessed\video_15s\7601117654277701670_1月30日-K7-YL-混剪(1).mp4_15s.mp4,clip15s,ok,
144,F:\KINYO\K7素材汇总\1月份\1.30\1月30日-K7-YL-混剪(1).mp4,..\Processed_Data\K7VideoProcessed\audio_full\7601117654277701670_1月30日-K7-YL-混剪(1).mp4.m4a,audio_full,ok,
146,F:\KINYO\K7素材汇总\1月份\1.31\1月31日-K7-CM-混剪-- (9).mp4,..\Processed_Data\K7VideoProcessed\video_full\7601478145825407027_1月31日-K7-CM-混剪-- (9).mp4_full.mp4,video_full,ok,transcode
146,F:\KINYO\K7素材汇总\1月份\1.31\1月31日-K7-CM-混剪-- (9).mp4,..\Processed_Data\K7VideoProcessed\video_15s\7601478145825407027_1月31日-K7-CM-混剪-- (9).mp4_15s.mp4,clip15s,ok,
146,F:\KINYO\K7素材汇总\1月份\1.31\1月31日-K7-CM-混剪-- (9).mp4,..\Processed_Data\K7VideoProcessed\audio_full\7601478145825407027_1月31日-K7-CM-混剪-- (9).mp4.m4a,audio_full,ok,
147,F:\KINYO\K7素材汇总\1月份\1.31\1月31日-K7-CM-混剪-- (11).mp4,..\Processed_Data\K7VideoProcessed\video_full\7601478677480390683_1月31日-K7-CM-混剪-- (11).mp4_full.mp4,video_full,ok,transcode
147,F:\KINYO\K7素材汇总\1月份\1.31\1月31日-K7-CM-混剪-- (11).mp4,..\Processed_Data\K7VideoProcessed\video_15s\7601478677480390683_1月31日-K7-CM-混剪-- (11).mp4_15s.mp4,clip15s,ok,
147,F:\KINYO\K7素材汇总\1月份\1.31\1月31日-K7-CM-混剪-- (11).mp4,..\Processed_Data\K7VideoProcessed\audio_full\7601478677480390683_1月31日-K7-CM-混剪-- (11).mp4.m4a,audio_full,ok,
148,F:\KINYO\K7素材汇总\1月份\1.31\1月31日-K7-MY-混剪-  (4).mp4,..\Processed_Data\K7VideoProcessed\video_full\7601485124283449350_1月31日-K7-MY-混剪- (4).mp4_full.mp4,video_full,ok,transcode
148,F:\KINYO\K7素材汇总\1月份\1.31\1月31日-K7-MY-混剪-  (4).mp4,..\Processed_Data\K7VideoProcessed\video_15s\7601485124283449350_1月31日-K7-MY-混剪- (4).mp4_15s.mp4,clip15s,ok,
148,F:\KINYO\K7素材汇总\1月份\1.31\1月31日-K7-MY-混剪-  (4).mp4,..\Processed_Data\K7VideoProcessed\audio_full\7601485124283449350_1月31日-K7-MY-混剪- (4).mp4.m4a,audio_full,ok,
149,F:\KINYO\K7素材汇总\1月份\1.31\1月31日-K7-MY-混剪-  (6).mp4,..\Processed_Data\K7VideoProcessed\video_full\7601485129568813119_1月31日-K7-MY-混剪- (6).mp4_full.mp4,video_full,ok,transcode
149,F:\KINYO\K7素材汇总\1月份\1.31\1月31日-K7-MY-混剪-  (6).mp4,..\Processed_Data\K7VideoProcessed\video_15s\7601485129568813119_1月31日-K7-MY-混剪- (6).mp4_15s.mp4,clip15s,ok,
149,F:\KINYO\K7素材汇总\1月份\1.31\1月31日-K7-MY-混剪-  (6).mp4,..\Processed_Data\K7VideoProcessed\audio_full\7601485129568813119_1月31日-K7-MY-混剪- (6).mp4.m4a,audio_full,ok,
150,F:\KINYO\K7素材汇总\2月份\2.1\2月1日-K7-YL- 混剪(7).mp4,..\Processed_Data\K7VideoProcessed\video_full\7601841932990840882_2月1日-K7-YL- 混剪(7).mp4_full.mp4,video_full,ok,transcode
150,F:\KINYO\K7素材汇总\2月份\2.1\2月1日-K7-YL- 混剪(7).mp4,..\Processed_Data\K7VideoProcessed\video_15s\7601841932990840882_2月1日-K7-YL- 混剪(7).mp4_15s.mp4,clip15s,ok,
150,F:\KINYO\K7素材汇总\2月份\2.1\2月1日-K7-YL- 混剪(7).mp4,..\Processed_Data\K7VideoProcessed\audio_full\7601841932990840882_2月1日-K7-YL- 混剪(7).mp4.m4a,audio_full,ok,
151,F:\KINYO\K7素材汇总\2月份\2.1\2月1日-K7-YL- 混剪(4).mp4,..\Processed_Data\K7VideoProcessed\video_full\7601841966935113754_2月1日-K7-YL- 混剪(4).mp4_full.mp4,video_full,ok,transcode
151,F:\KINYO\K7素材汇总\2月份\2.1\2月1日-K7-YL- 混剪(4).mp4,..\Processed_Data\K7VideoProcessed\video_15s\7601841966935113754_2月1日-K7-YL- 混剪(4).mp4_15s.mp4,clip15s,ok,
151,F:\KINYO\K7素材汇总\2月份\2.1\2月1日-K7-YL- 混剪(4).mp4,..\Processed_Data\K7VideoProcessed\audio_full\7601841966935113754_2月1日-K7-YL- 混剪(4).mp4.m4a,audio_full,ok,
152,F:\KINYO\K7素材汇总\2月份\2.1\2月1日-K7-MY- 混剪- (2).mp4,..\Processed_Data\K7VideoProcessed\video_full\7601865320384036927_2月1日-K7-MY- 混剪- (2).mp4_full.mp4,video_full,ok,transcode
152,F:\KINYO\K7素材汇总\2月份\2.1\2月1日-K7-MY- 混剪- (2).mp4,..\Processed_Data\K7VideoProcessed\video_15s\7601865320384036927_2月1日-K7-MY- 混剪- (2).mp4_15s.mp4,clip15s,ok,
152,F:\KINYO\K7素材汇总\2月份\2.1\2月1日-K7-MY- 混剪- (2).mp4,..\Processed_Data\K7VideoProcessed\audio_full\7601865320384036927_2月1日-K7-MY- 混剪- (2).mp4.m4a,audio_full,ok,
153,F:\KINYO\K7素材汇总\2月份\2.1\2月1日-K7-CM-混剪-  (5).mp4,..\Processed_Data\K7VideoProcessed\video_full\7601899201380614185_2月1日-K7-CM-混剪- (5).mp4_full.mp4,video_full,ok,transcode
153,F:\KINYO\K7素材汇总\2月份\2.1\2月1日-K7-CM-混剪-  (5).mp4,..\Processed_Data\K7VideoProcessed\video_15s\7601899201380614185_2月1日-K7-CM-混剪- (5).mp4_15s.mp4,clip15s,ok,
153,F:\KINYO\K7素材汇总\2月份\2.1\2月1日-K7-CM-混剪-  (5).mp4,..\Processed_Data\K7VideoProcessed\audio_full\7601899201380614185_2月1日-K7-CM-混剪- (5).mp4.m4a,audio_full,ok,
154,F:\KINYO\K7素材汇总\2月份\2.1\2月1日-K7-CM-混剪-  (1).mp4,..\Processed_Data\K7VideoProcessed\video_full\7601899206271074310_2月1日-K7-CM-混剪- (1).mp4_full.mp4,video_full,ok,transcode
154,F:\KINYO\K7素材汇总\2月份\2.1\2月1日-K7-CM-混剪-  (1).mp4,..\Processed_Data\K7VideoProcessed\video_15s\7601899206271074310_2月1日-K7-CM-混剪- (1).mp4_15s.mp4,clip15s,ok,
154,F:\KINYO\K7素材汇总\2月份\2.1\2月1日-K7-CM-混剪-  (1).mp4,..\Processed_Data\K7VideoProcessed\audio_full\7601899206271074310_2月1日-K7-CM-混剪- (1).mp4.m4a,audio_full,ok,
156,F:\KINYO\K7素材汇总\2月份\2.1\2月1日-K7-CM-混剪- (6).mp4,..\Processed_Data\K7VideoProcessed\video_full\7601900038289981494_2月1日-K7-CM-混剪- (6).mp4_full.mp4,video_full,ok,transcode
156,F:\KINYO\K7素材汇总\2月份\2.1\2月1日-K7-CM-混剪- (6).mp4,..\Processed_Data\K7VideoProcessed\video_15s\7601900038289981494_2月1日-K7-CM-混剪- (6).mp4_15s.mp4,clip15s,ok,
156,F:\KINYO\K7素材汇总\2月份\2.1\2月1日-K7-CM-混剪- (6).mp4,..\Processed_Data\K7VideoProcessed\audio_full\7601900038289981494_2月1日-K7-CM-混剪- (6).mp4.m4a,audio_full,ok,
155,F:\KINYO\K7素材汇总\2月份\2.1\2月1日-K7-CM-混剪-  (3).mp4,..\Processed_Data\K7VideoProcessed\video_full\7601899215078572074_2月1日-K7-CM-混剪- (3).mp4_full.mp4,video_full,ok,transcode
155,F:\KINYO\K7素材汇总\2月份\2.1\2月1日-K7-CM-混剪-  (3).mp4,..\Processed_Data\K7VideoProcessed\video_15s\7601899215078572074_2月1日-K7-CM-混剪- (3).mp4_15s.mp4,clip15s,ok,
155,F:\KINYO\K7素材汇总\2月份\2.1\2月1日-K7-CM-混剪-  (3).mp4,..\Processed_Data\K7VideoProcessed\audio_full\7601899215078572074_2月1日-K7-CM-混剪- (3).mp4.m4a,audio_full,ok,
157,F:\KINYO\K7素材汇总\2月份\2.2\2月2日-K7-CM-混剪-  (1).mp4,..\Processed_Data\K7VideoProcessed\video_full\7602295522494267434_2月2日-K7-CM-混剪- (1).mp4_full.mp4,video_full,ok,transcode
157,F:\KINYO\K7素材汇总\2月份\2.2\2月2日-K7-CM-混剪-  (1).mp4,..\Processed_Data\K7VideoProcessed\video_15s\7602295522494267434_2月2日-K7-CM-混剪- (1).mp4_15s.mp4,clip15s,ok,
157,F:\KINYO\K7素材汇总\2月份\2.2\2月2日-K7-CM-混剪-  (1).mp4,..\Processed_Data\K7VideoProcessed\audio_full\7602295522494267434_2月2日-K7-CM-混剪- (1).mp4.m4a,audio_full,ok,
158,F:\KINYO\K7素材汇总\2月份\2.2\2月2日-K7-CM-混剪-  (3).mp4,..\Processed_Data\K7VideoProcessed\video_full\7602297209388826670_2月2日-K7-CM-混剪- (3).mp4_full.mp4,video_full,ok,transcode
158,F:\KINYO\K7素材汇总\2月份\2.2\2月2日-K7-CM-混剪-  (3).mp4,..\Processed_Data\K7VideoProcessed\video_15s\7602297209388826670_2月2日-K7-CM-混剪- (3).mp4_15s.mp4,clip15s,ok,
158,F:\KINYO\K7素材汇总\2月份\2.2\2月2日-K7-CM-混剪-  (3).mp4,..\Processed_Data\K7VideoProcessed\audio_full\7602297209388826670_2月2日-K7-CM-混剪- (3).mp4.m4a,audio_full,ok,
159,F:\KINYO\K7素材汇总\2月份\2.2\2月2日-K7-CM-混剪-  (5).mp4,..\Processed_Data\K7VideoProcessed\video_full\7602297275217969206_2月2日-K7-CM-混剪- (5).mp4_full.mp4,video_full,ok,transcode
159,F:\KINYO\K7素材汇总\2月份\2.2\2月2日-K7-CM-混剪-  (5).mp4,..\Processed_Data\K7VideoProcessed\video_15s\7602297275217969206_2月2日-K7-CM-混剪- (5).mp4_15s.mp4,clip15s,ok,
159,F:\KINYO\K7素材汇总\2月份\2.2\2月2日-K7-CM-混剪-  (5).mp4,..\Processed_Data\K7VideoProcessed\audio_full\7602297275217969206_2月2日-K7-CM-混剪- (5).mp4.m4a,audio_full,ok,
160,F:\KINYO\K7素材汇总\2月份\2.3\2月3日-K7-CM-混剪- (1).mp4,..\Processed_Data\K7VideoProcessed\video_full\7602628251639250953_2月3日-K7-CM-混剪- (1).mp4_full.mp4,video_full,ok,transcode
160,F:\KINYO\K7素材汇总\2月份\2.3\2月3日-K7-CM-混剪- (1).mp4,..\Processed_Data\K7VideoProcessed\video_15s\7602628251639250953_2月3日-K7-CM-混剪- (1).mp4_15s.mp4,clip15s,ok,
160,F:\KINYO\K7素材汇总\2月份\2.3\2月3日-K7-CM-混剪- (1).mp4,..\Processed_Data\K7VideoProcessed\audio_full\7602628251639250953_2月3日-K7-CM-混剪- (1).mp4.m4a,audio_full,ok,
161,F:\KINYO\K7素材汇总\2月份\2.3\2月3日-K7-CM-混剪- (5).mp4,..\Processed_Data\K7VideoProcessed\video_full\7602629273805111337_2月3日-K7-CM-混剪- (5).mp4_full.mp4,video_full,ok,transcode
161,F:\KINYO\K7素材汇总\2月份\2.3\2月3日-K7-CM-混剪- (5).mp4,..\Processed_Data\K7VideoProcessed\video_15s\7602629273805111337_2月3日-K7-CM-混剪- (5).mp4_15s.mp4,clip15s,ok,
161,F:\KINYO\K7素材汇总\2月份\2.3\2月3日-K7-CM-混剪- (5).mp4,..\Processed_Data\K7VideoProcessed\audio_full\7602629273805111337_2月3日-K7-CM-混剪- (5).mp4.m4a,audio_full,ok,
162,F:\KINYO\K7素材汇总\2月份\2.3\2月3日-K7-CM-混剪-- (2).mp4,..\Processed_Data\K7VideoProcessed\video_full\7602629281052475433_2月3日-K7-CM-混剪-- (2).mp4_full.mp4,video_full,ok,transcode
162,F:\KINYO\K7素材汇总\2月份\2.3\2月3日-K7-CM-混剪-- (2).mp4,..\Processed_Data\K7VideoProcessed\video_15s\7602629281052475433_2月3日-K7-CM-混剪-- (2).mp4_15s.mp4,clip15s,ok,
162,F:\KINYO\K7素材汇总\2月份\2.3\2月3日-K7-CM-混剪-- (2).mp4,..\Processed_Data\K7VideoProcessed\audio_full\7602629281052475433_2月3日-K7-CM-混剪-- (2).mp4.m4a,audio_full,ok,
163,F:\KINYO\K7素材汇总\2月份\2.3\2月3日-K7-CM-混剪- (6).mp4,..\Processed_Data\K7VideoProcessed\video_full\7602629290561241151_2月3日-K7-CM-混剪- (6).mp4_full.mp4,video_full,ok,transcode
163,F:\KINYO\K7素材汇总\2月份\2.3\2月3日-K7-CM-混剪- (6).mp4,..\Processed_Data\K7VideoProcessed\video_15s\7602629290561241151_2月3日-K7-CM-混剪- (6).mp4_15s.mp4,clip15s,ok,
163,F:\KINYO\K7素材汇总\2月份\2.3\2月3日-K7-CM-混剪- (6).mp4,..\Processed_Data\K7VideoProcessed\audio_full\7602629290561241151_2月3日-K7-CM-混剪- (6).mp4.m4a,audio_full,ok,
164,F:\KINYO\K7素材汇总\2月份\2.5\2月5日-K7-CM-混剪- (4).mp4,..\Processed_Data\K7VideoProcessed\video_full\7603344164990730281_2月5日-K7-CM-混剪- (4).mp4_full.mp4,video_full,ok,transcode
164,F:\KINYO\K7素材汇总\2月份\2.5\2月5日-K7-CM-混剪- (4).mp4,..\Processed_Data\K7VideoProcessed\video_15s\7603344164990730281_2月5日-K7-CM-混剪- (4).mp4_15s.mp4,clip15s,ok,
164,F:\KINYO\K7素材汇总\2月份\2.5\2月5日-K7-CM-混剪- (4).mp4,..\Processed_Data\K7VideoProcessed\audio_full\7603344164990730281_2月5日-K7-CM-混剪- (4).mp4.m4a,audio_full,ok,
165,F:\KINYO\K7素材汇总\2月份\2.5\2月5日-K7-CM-混剪- (1).mp4,..\Processed_Data\K7VideoProcessed\video_full\7603344218737754118_2月5日-K7-CM-混剪- (1).mp4_full.mp4,video_full,ok,transcode
165,F:\KINYO\K7素材汇总\2月份\2.5\2月5日-K7-CM-混剪- (1).mp4,..\Processed_Data\K7VideoProcessed\video_15s\7603344218737754118_2月5日-K7-CM-混剪- (1).mp4_15s.mp4,clip15s,ok,
165,F:\KINYO\K7素材汇总\2月份\2.5\2月5日-K7-CM-混剪- (1).mp4,..\Processed_Data\K7VideoProcessed\audio_full\7603344218737754118_2月5日-K7-CM-混剪- (1).mp4.m4a,audio_full,ok,
167,F:\KINYO\K7素材汇总\2月份\2.5\2月5日-K7-CM-混剪- (8).mp4,..\Processed_Data\K7VideoProcessed\video_full\7603345238564519962_2月5日-K7-CM-混剪- (8).mp4_full.mp4,video_full,ok,transcode
167,F:\KINYO\K7素材汇总\2月份\2.5\2月5日-K7-CM-混剪- (8).mp4,..\Processed_Data\K7VideoProcessed\video_15s\7603345238564519962_2月5日-K7-CM-混剪- (8).mp4_15s.mp4,clip15s,ok,
167,F:\KINYO\K7素材汇总\2月份\2.5\2月5日-K7-CM-混剪- (8).mp4,..\Processed_Data\K7VideoProcessed\audio_full\7603345238564519962_2月5日-K7-CM-混剪- (8).mp4.m4a,audio_full,ok,
166,F:\KINYO\K7素材汇总\2月份\2.5\2月5日-K7-CM-混剪- (7).mp4,..\Processed_Data\K7VideoProcessed\video_full\7603345238560522249_2月5日-K7-CM-混剪- (7).mp4_full.mp4,video_full,ok,transcode
166,F:\KINYO\K7素材汇总\2月份\2.5\2月5日-K7-CM-混剪- (7).mp4,..\Processed_Data\K7VideoProcessed\video_15s\7603345238560522249_2月5日-K7-CM-混剪- (7).mp4_15s.mp4,clip15s,ok,
166,F:\KINYO\K7素材汇总\2月份\2.5\2月5日-K7-CM-混剪- (7).mp4,..\Processed_Data\K7VideoProcessed\audio_full\7603345238560522249_2月5日-K7-CM-混剪- (7).mp4.m4a,audio_full,ok,
168,F:\KINYO\K7素材汇总\2月份\2.5\2月5日-K7-CM-混剪-- (11).mp4,..\Processed_Data\K7VideoProcessed\video_full\7603345239437361162_2月5日-K7-CM-混剪-- (11).mp4_full.mp4,video_full,ok,transcode
168,F:\KINYO\K7素材汇总\2月份\2.5\2月5日-K7-CM-混剪-- (11).mp4,..\Processed_Data\K7VideoProcessed\video_15s\7603345239437361162_2月5日-K7-CM-混剪-- (11).mp4_15s.mp4,clip15s,ok,
168,F:\KINYO\K7素材汇总\2月份\2.5\2月5日-K7-CM-混剪-- (11).mp4,..\Processed_Data\K7VideoProcessed\audio_full\7603345239437361162_2月5日-K7-CM-混剪-- (11).mp4.m4a,audio_full,ok,
169,F:\KINYO\K7素材汇总\2月份\2.5\2月5日-K7-MY- (8)混剪.mp4,..\Processed_Data\K7VideoProcessed\video_full\7603349259758043162_2月5日-K7-MY- (8)混剪.mp4_full.mp4,video_full,ok,transcode
169,F:\KINYO\K7素材汇总\2月份\2.5\2月5日-K7-MY- (8)混剪.mp4,..\Processed_Data\K7VideoProcessed\video_15s\7603349259758043162_2月5日-K7-MY- (8)混剪.mp4_15s.mp4,clip15s,ok,
169,F:\KINYO\K7素材汇总\2月份\2.5\2月5日-K7-MY- (8)混剪.mp4,..\Processed_Data\K7VideoProcessed\audio_full\7603349259758043162_2月5日-K7-MY- (8)混剪.mp4.m4a,audio_full,ok,
170,F:\KINYO\K7素材汇总\2月份\2.5\2月5日-K7-MY- (9)混剪.mp4,..\Processed_Data\K7VideoProcessed\video_full\7603349272717869094_2月5日-K7-MY- (9)混剪.mp4_full.mp4,video_full,ok,transcode
170,F:\KINYO\K7素材汇总\2月份\2.5\2月5日-K7-MY- (9)混剪.mp4,..\Processed_Data\K7VideoProcessed\video_15s\7603349272717869094_2月5日-K7-MY- (9)混剪.mp4_15s.mp4,clip15s,ok,
170,F:\KINYO\K7素材汇总\2月份\2.5\2月5日-K7-MY- (9)混剪.mp4,..\Processed_Data\K7VideoProcessed\audio_full\7603349272717869094_2月5日-K7-MY- (9)混剪.mp4.m4a,audio_full,ok,
171,F:\KINYO\K7素材汇总\2月份\2.5\2月5日-K7-MY- (5)混剪.mp4,..\Processed_Data\K7VideoProcessed\video_full\7603349287309131826_2月5日-K7-MY- (5)混剪.mp4_full.mp4,video_full,ok,transcode
171,F:\KINYO\K7素材汇总\2月份\2.5\2月5日-K7-MY- (5)混剪.mp4,..\Processed_Data\K7VideoProcessed\video_15s\7603349287309131826_2月5日-K7-MY- (5)混剪.mp4_15s.mp4,clip15s,ok,
171,F:\KINYO\K7素材汇总\2月份\2.5\2月5日-K7-MY- (5)混剪.mp4,..\Processed_Data\K7VideoProcessed\audio_full\7603349287309131826_2月5日-K7-MY- (5)混剪.mp4.m4a,audio_full,ok,
172,F:\KINYO\K7素材汇总\2月份\2.6\2月6日-K7-CM-混剪-2.mp4,..\Processed_Data\K7VideoProcessed\video_full\7603587863463247881_2月6日-K7-CM-混剪-2.mp4_full.mp4,video_full,ok,transcode
172,F:\KINYO\K7素材汇总\2月份\2.6\2月6日-K7-CM-混剪-2.mp4,..\Processed_Data\K7VideoProcessed\video_15s\7603587863463247881_2月6日-K7-CM-混剪-2.mp4_15s.mp4,clip15s,ok,
172,F:\KINYO\K7素材汇总\2月份\2.6\2月6日-K7-CM-混剪-2.mp4,..\Processed_Data\K7VideoProcessed\audio_full\7603587863463247881_2月6日-K7-CM-混剪-2.mp4.m4a,audio_full,ok,
173,F:\KINYO\K7素材汇总\2月份\2.6\2月6日-K7-CM-混剪- (7).mp4,..\Processed_Data\K7VideoProcessed\video_full\7603712258781102116_2月6日-K7-CM-混剪- (7).mp4_full.mp4,video_full,ok,transcode
173,F:\KINYO\K7素材汇总\2月份\2.6\2月6日-K7-CM-混剪- (7).mp4,..\Processed_Data\K7VideoProcessed\video_15s\7603712258781102116_2月6日-K7-CM-混剪- (7).mp4_15s.mp4,clip15s,ok,
173,F:\KINYO\K7素材汇总\2月份\2.6\2月6日-K7-CM-混剪- (7).mp4,..\Processed_Data\K7VideoProcessed\audio_full\7603712258781102116_2月6日-K7-CM-混剪- (7).mp4.m4a,audio_full,ok,
174,F:\KINYO\K7素材汇总\2月份\2.6\2月6日-K7-CM-混剪- (6).mp4,..\Processed_Data\K7VideoProcessed\video_full\7603712260293820452_2月6日-K7-CM-混剪- (6).mp4_full.mp4,video_full,ok,transcode
174,F:\KINYO\K7素材汇总\2月份\2.6\2月6日-K7-CM-混剪- (6).mp4,..\Processed_Data\K7VideoProcessed\video_15s\7603712260293820452_2月6日-K7-CM-混剪- (6).mp4_15s.mp4,clip15s,ok,
174,F:\KINYO\K7素材汇总\2月份\2.6\2月6日-K7-CM-混剪- (6).mp4,..\Processed_Data\K7VideoProcessed\audio_full\7603712260293820452_2月6日-K7-CM-混剪- (6).mp4.m4a,audio_full,ok,
175,F:\KINYO\K7素材汇总\2月份\2.6\2月6日-K7-CM-混剪- (4).mp4,..\Processed_Data\K7VideoProcessed\video_full\7603712281139068970_2月6日-K7-CM-混剪- (4).mp4_full.mp4,video_full,ok,transcode
175,F:\KINYO\K7素材汇总\2月份\2.6\2月6日-K7-CM-混剪- (4).mp4,..\Processed_Data\K7VideoProcessed\video_15s\7603712281139068970_2月6日-K7-CM-混剪- (4).mp4_15s.mp4,clip15s,ok,
175,F:\KINYO\K7素材汇总\2月份\2.6\2月6日-K7-CM-混剪- (4).mp4,..\Processed_Data\K7VideoProcessed\audio_full\7603712281139068970_2月6日-K7-CM-混剪- (4).mp4.m4a,audio_full,ok,
176,F:\KINYO\K7素材汇总\2月份\2.7\2月7日-K7-CM-混剪-  (3).mp4,..\Processed_Data\K7VideoProcessed\video_full\7604098068234076186_2月7日-K7-CM-混剪- (3).mp4_full.mp4,video_full,ok,transcode
176,F:\KINYO\K7素材汇总\2月份\2.7\2月7日-K7-CM-混剪-  (3).mp4,..\Processed_Data\K7VideoProcessed\video_15s\7604098068234076186_2月7日-K7-CM-混剪- (3).mp4_15s.mp4,clip15s,ok,
176,F:\KINYO\K7素材汇总\2月份\2.7\2月7日-K7-CM-混剪-  (3).mp4,..\Processed_Data\K7VideoProcessed\audio_full\7604098068234076186_2月7日-K7-CM-混剪- (3).mp4.m4a,audio_full,ok,
177,F:\KINYO\K7素材汇总\2月份\2.7\2月7日-K7-CM-混剪-  (4).mp4,..\Processed_Data\K7VideoProcessed\video_full\7604098077339500570_2月7日-K7-CM-混剪- (4).mp4_full.mp4,video_full,ok,transcode
177,F:\KINYO\K7素材汇总\2月份\2.7\2月7日-K7-CM-混剪-  (4).mp4,..\Processed_Data\K7VideoProcessed\video_15s\7604098077339500570_2月7日-K7-CM-混剪- (4).mp4_15s.mp4,clip15s,ok,
177,F:\KINYO\K7素材汇总\2月份\2.7\2月7日-K7-CM-混剪-  (4).mp4,..\Processed_Data\K7VideoProcessed\audio_full\7604098077339500570_2月7日-K7-CM-混剪- (4).mp4.m4a,audio_full,ok,
178,F:\KINYO\K7素材汇总\2月份\2.7\2月7日-K7-CM-混剪-  (5).mp4,..\Processed_Data\K7VideoProcessed\video_full\7604098097636261938_2月7日-K7-CM-混剪- (5).mp4_full.mp4,video_full,ok,transcode
178,F:\KINYO\K7素材汇总\2月份\2.7\2月7日-K7-CM-混剪-  (5).mp4,..\Processed_Data\K7VideoProcessed\video_15s\7604098097636261938_2月7日-K7-CM-混剪- (5).mp4_15s.mp4,clip15s,ok,
178,F:\KINYO\K7素材汇总\2月份\2.7\2月7日-K7-CM-混剪-  (5).mp4,..\Processed_Data\K7VideoProcessed\audio_full\7604098097636261938_2月7日-K7-CM-混剪- (5).mp4.m4a,audio_full,ok,
179,F:\KINYO\K7素材汇总\2月份\2.7\2月7日-K7-CM-混剪-  (6).mp4,..\Processed_Data\K7VideoProcessed\video_full\7604098129700732964_2月7日-K7-CM-混剪- (6).mp4_full.mp4,video_full,ok,transcode
179,F:\KINYO\K7素材汇总\2月份\2.7\2月7日-K7-CM-混剪-  (6).mp4,..\Processed_Data\K7VideoProcessed\video_15s\7604098129700732964_2月7日-K7-CM-混剪- (6).mp4_15s.mp4,clip15s,ok,
179,F:\KINYO\K7素材汇总\2月份\2.7\2月7日-K7-CM-混剪-  (6).mp4,..\Processed_Data\K7VideoProcessed\audio_full\7604098129700732964_2月7日-K7-CM-混剪- (6).mp4.m4a,audio_full,ok,
180,F:\KINYO\K7素材汇总\2月份\2.7\2月7日-K7-CM-混剪- (5).mp4,..\Processed_Data\K7VideoProcessed\video_full\7604098984414609460_2月7日-K7-CM-混剪- (5).mp4_full.mp4,video_full,ok,transcode
180,F:\KINYO\K7素材汇总\2月份\2.7\2月7日-K7-CM-混剪- (5).mp4,..\Processed_Data\K7VideoProcessed\video_15s\7604098984414609460_2月7日-K7-CM-混剪- (5).mp4_15s.mp4,clip15s,ok,
180,F:\KINYO\K7素材汇总\2月份\2.7\2月7日-K7-CM-混剪- (5).mp4,..\Processed_Data\K7VideoProcessed\audio_full\7604098984414609460_2月7日-K7-CM-混剪- (5).mp4.m4a,audio_full,ok,
181,F:\KINYO\K7素材汇总\2月份\2.8\2月8日-K7-CM-混剪- (2).mp4,..\Processed_Data\K7VideoProcessed\video_full\7604336932340203562_2月8日-K7-CM-混剪- (2).mp4_full.mp4,video_full,ok,transcode
181,F:\KINYO\K7素材汇总\2月份\2.8\2月8日-K7-CM-混剪- (2).mp4,..\Processed_Data\K7VideoProcessed\video_15s\7604336932340203562_2月8日-K7-CM-混剪- (2).mp4_15s.mp4,clip15s,ok,
181,F:\KINYO\K7素材汇总\2月份\2.8\2月8日-K7-CM-混剪- (2).mp4,..\Processed_Data\K7VideoProcessed\audio_full\7604336932340203562_2月8日-K7-CM-混剪- (2).mp4.m4a,audio_full,ok,
182,F:\KINYO\K7素材汇总\2月份\2.8\2月8日-K7-CM-混剪- (6).mp4,..\Processed_Data\K7VideoProcessed\video_full\7604336939868667967_2月8日-K7-CM-混剪- (6).mp4_full.mp4,video_full,ok,transcode
182,F:\KINYO\K7素材汇总\2月份\2.8\2月8日-K7-CM-混剪- (6).mp4,..\Processed_Data\K7VideoProcessed\video_15s\7604336939868667967_2月8日-K7-CM-混剪- (6).mp4_15s.mp4,clip15s,ok,
182,F:\KINYO\K7素材汇总\2月份\2.8\2月8日-K7-CM-混剪- (6).mp4,..\Processed_Data\K7VideoProcessed\audio_full\7604336939868667967_2月8日-K7-CM-混剪- (6).mp4.m4a,audio_full,ok,
183,F:\KINYO\K7素材汇总\2月份\2.8\2月8日-K7-CM-混剪- (4).mp4,..\Processed_Data\K7VideoProcessed\video_full\7604336990507106339_2月8日-K7-CM-混剪- (4).mp4_full.mp4,video_full,ok,transcode
183,F:\KINYO\K7素材汇总\2月份\2.8\2月8日-K7-CM-混剪- (4).mp4,..\Processed_Data\K7VideoProcessed\video_15s\7604336990507106339_2月8日-K7-CM-混剪- (4).mp4_15s.mp4,clip15s,ok,
183,F:\KINYO\K7素材汇总\2月份\2.8\2月8日-K7-CM-混剪- (4).mp4,..\Processed_Data\K7VideoProcessed\audio_full\7604336990507106339_2月8日-K7-CM-混剪- (4).mp4.m4a,audio_full,ok,
184,F:\KINYO\K7素材汇总\2月份\2.9\2月9日-K7-YL-混剪(4).mp4,..\Processed_Data\K7VideoProcessed\video_full\7604830559299436571_2月9日-K7-YL-混剪(4).mp4_full.mp4,video_full,ok,transcode
184,F:\KINYO\K7素材汇总\2月份\2.9\2月9日-K7-YL-混剪(4).mp4,..\Processed_Data\K7VideoProcessed\video_15s\7604830559299436571_2月9日-K7-YL-混剪(4).mp4_15s.mp4,clip15s,ok,
184,F:\KINYO\K7素材汇总\2月份\2.9\2月9日-K7-YL-混剪(4).mp4,..\Processed_Data\K7VideoProcessed\audio_full\7604830559299436571_2月9日-K7-YL-混剪(4).mp4.m4a,audio_full,ok,
187,F:\KINYO\K7素材汇总\2月份\2.9\2月9日-K7-CM-混剪- (5).mp4,..\Processed_Data\K7VideoProcessed\video_full\7605040309934178350_2月9日-K7-CM-混剪- (5).mp4_full.mp4,video_full,ok,transcode
187,F:\KINYO\K7素材汇总\2月份\2.9\2月9日-K7-CM-混剪- (5).mp4,..\Processed_Data\K7VideoProcessed\video_15s\7605040309934178350_2月9日-K7-CM-混剪- (5).mp4_15s.mp4,clip15s,ok,
187,F:\KINYO\K7素材汇总\2月份\2.9\2月9日-K7-CM-混剪- (5).mp4,..\Processed_Data\K7VideoProcessed\audio_full\7605040309934178350_2月9日-K7-CM-混剪- (5).mp4.m4a,audio_full,ok,
185,F:\KINYO\K7素材汇总\2月份\2.9\2月9日-K7-MY-混剪- (9).mp4,..\Processed_Data\K7VideoProcessed\video_full\7604838147629908006_2月9日-K7-MY-混剪- (9).mp4_full.mp4,video_full,ok,transcode
185,F:\KINYO\K7素材汇总\2月份\2.9\2月9日-K7-MY-混剪- (9).mp4,..\Processed_Data\K7VideoProcessed\video_15s\7604838147629908006_2月9日-K7-MY-混剪- (9).mp4_15s.mp4,clip15s,ok,
185,F:\KINYO\K7素材汇总\2月份\2.9\2月9日-K7-MY-混剪- (9).mp4,..\Processed_Data\K7VideoProcessed\audio_full\7604838147629908006_2月9日-K7-MY-混剪- (9).mp4.m4a,audio_full,ok,
186,F:\KINYO\K7素材汇总\2月份\2.9\2月9日-K7-MY-混剪- (10).mp4,..\Processed_Data\K7VideoProcessed\video_full\7604838160803397658_2月9日-K7-MY-混剪- (10).mp4_full.mp4,video_full,ok,transcode
186,F:\KINYO\K7素材汇总\2月份\2.9\2月9日-K7-MY-混剪- (10).mp4,..\Processed_Data\K7VideoProcessed\video_15s\7604838160803397658_2月9日-K7-MY-混剪- (10).mp4_15s.mp4,clip15s,ok,
186,F:\KINYO\K7素材汇总\2月份\2.9\2月9日-K7-MY-混剪- (10).mp4,..\Processed_Data\K7VideoProcessed\audio_full\7604838160803397658_2月9日-K7-MY-混剪- (10).mp4.m4a,audio_full,ok,
188,F:\KINYO\K7素材汇总\2月份\2.11\2月11日-K7-CM-混剪-  (1).mp4,..\Processed_Data\K7VideoProcessed\video_full\7605528752408412212_2月11日-K7-CM-混剪- (1).mp4_full.mp4,video_full,ok,transcode
188,F:\KINYO\K7素材汇总\2月份\2.11\2月11日-K7-CM-混剪-  (1).mp4,..\Processed_Data\K7VideoProcessed\video_15s\7605528752408412212_2月11日-K7-CM-混剪- (1).mp4_15s.mp4,clip15s,ok,
188,F:\KINYO\K7素材汇总\2月份\2.11\2月11日-K7-CM-混剪-  (1).mp4,..\Processed_Data\K7VideoProcessed\audio_full\7605528752408412212_2月11日-K7-CM-混剪- (1).mp4.m4a,audio_full,ok,
189,F:\KINYO\K7素材汇总\2月份\2.11\2月11日-K7-CM-混剪-  (8).mp4,..\Processed_Data\K7VideoProcessed\video_full\7605530561306820614_2月11日-K7-CM-混剪- (8).mp4_full.mp4,video_full,ok,transcode
189,F:\KINYO\K7素材汇总\2月份\2.11\2月11日-K7-CM-混剪-  (8).mp4,..\Processed_Data\K7VideoProcessed\video_15s\7605530561306820614_2月11日-K7-CM-混剪- (8).mp4_15s.mp4,clip15s,ok,
189,F:\KINYO\K7素材汇总\2月份\2.11\2月11日-K7-CM-混剪-  (8).mp4,..\Processed_Data\K7VideoProcessed\audio_full\7605530561306820614_2月11日-K7-CM-混剪- (8).mp4.m4a,audio_full,ok,
191,F:\KINYO\K7素材汇总\2月份\2.25\2月25日-K7-CM-混剪- (2).mp4,..\Processed_Data\K7VideoProcessed\video_full\7610789595753496602_2月25日-K7-CM-混剪- (2).mp4_full.mp4,video_full,ok,transcode
191,F:\KINYO\K7素材汇总\2月份\2.25\2月25日-K7-CM-混剪- (2).mp4,..\Processed_Data\K7VideoProcessed\video_15s\7610789595753496602_2月25日-K7-CM-混剪- (2).mp4_15s.mp4,clip15s,ok,
191,F:\KINYO\K7素材汇总\2月份\2.25\2月25日-K7-CM-混剪- (2).mp4,..\Processed_Data\K7VideoProcessed\audio_full\7610789595753496602_2月25日-K7-CM-混剪- (2).mp4.m4a,audio_full,ok,
190,F:\KINYO\K7素材汇总\2月份\2.12\2月12日-K7-CM-混剪- (4).mp4,..\Processed_Data\K7VideoProcessed\video_full\7609891429503320064_2月12日-K7-CM-混剪- (4).mp4_full.mp4,video_full,ok,transcode
190,F:\KINYO\K7素材汇总\2月份\2.12\2月12日-K7-CM-混剪- (4).mp4,..\Processed_Data\K7VideoProcessed\video_15s\7609891429503320064_2月12日-K7-CM-混剪- (4).mp4_15s.mp4,clip15s,ok,
190,F:\KINYO\K7素材汇总\2月份\2.12\2月12日-K7-CM-混剪- (4).mp4,..\Processed_Data\K7VideoProcessed\audio_full\7609891429503320064_2月12日-K7-CM-混剪- (4).mp4.m4a,audio_full,ok,
192,F:\KINYO\K7素材汇总\2月份\2.25\2月25日-K7-CM-混剪- (8).mp4,..\Processed_Data\K7VideoProcessed\video_full\7610789726716592143_2月25日-K7-CM-混剪- (8).mp4_full.mp4,video_full,ok,transcode
192,F:\KINYO\K7素材汇总\2月份\2.25\2月25日-K7-CM-混剪- (8).mp4,..\Processed_Data\K7VideoProcessed\video_15s\7610789726716592143_2月25日-K7-CM-混剪- (8).mp4_15s.mp4,clip15s,ok,
192,F:\KINYO\K7素材汇总\2月份\2.25\2月25日-K7-CM-混剪- (8).mp4,..\Processed_Data\K7VideoProcessed\audio_full\7610789726716592143_2月25日-K7-CM-混剪- (8).mp4.m4a,audio_full,ok,
